-0.142195,0.947878,0.590957
-0.142196,0.947833,0.590959
-0.142195,0.947793,0.590957
-0.142195,0.947757,0.590956
-0.142196,0.947713,0.590957
-0.142196,0.947678,0.590956
-0.142197,0.947644,0.590957
-0.142197,0.947617,0.590956
-0.142197,0.947585,0.590958
-0.142197,0.947563,0.590957
-0.142197,0.947542,0.59096
-0.142198,0.947525,0.59096
-0.142196,0.947513,0.590956
-0.142197,0.947504,0.590958
-0.142196,0.947495,0.590953
-0.142196,0.947494,0.590958
-0.142198,0.947488,0.590958
-0.142195,0.94749,0.590956
-0.142197,0.947491,0.590958
-0.142197,0.94749,0.590955
-0.142197,0.947492,0.590958
-0.142197,0.94749,0.590959
-0.142197,0.947489,0.590958
-0.142198,0.947488,0.59096
-0.142196,0.94749,0.590956
-0.142195,0.947492,0.590957
-0.142196,0.947491,0.590957
-0.142195,0.947491,0.590955
-0.142197,0.947492,0.590956
-0.142199,0.94749,0.590959
-0.142197,0.947489,0.590956
-0.142197,0.94749,0.590957
-0.142196,0.947487,0.590956
-0.142196,0.947494,0.590955
-0.142197,0.947492,0.590959
-0.142196,0.947486,0.590956
-0.142196,0.947489,0.590955
-0.142197,0.947488,0.590961
-0.142196,0.947487,0.590957
-0.142197,0.947488,0.590961
-0.142196,0.947487,0.590956
-0.142196,0.947488,0.590957
-0.142196,0.947491,0.590959
-0.142196,0.94749,0.590958
-0.142196,0.947489,0.590955
-0.142196,0.947489,0.590958
-0.142197,0.94749,0.590958
-0.142197,0.947488,0.590958
-0.142196,0.947487,0.590958
-0.142197,0.947489,0.590957
-0.142197,0.947489,0.590958
-0.142196,0.947488,0.590959
-0.142197,0.947489,0.590959
-0.142195,0.947488,0.590958
-0.142196,0.947486,0.590957
-0.142197,0.947487,0.590955
-0.142196,0.947488,0.59096
-0.142197,0.947488,0.590959
-0.142196,0.94749,0.590959
-0.142197,0.947486,0.59096
-0.142195,0.947487,0.590956
-0.142196,0.947488,0.590959
-0.142196,0.947488,0.59096
-0.142197,0.94749,0.59096
-0.142197,0.947487,0.590961
-0.142196,0.947488,0.590957
-0.142196,0.947486,0.590958
-0.142197,0.947487,0.590956
-0.142197,0.947486,0.590961
-0.142197,0.947488,0.590959
-0.142196,0.947487,0.590961
-0.142196,0.947487,0.590958
-0.142197,0.947488,0.590958
-0.142197,0.947487,0.59096
-0.142195,0.947487,0.59096
-0.142195,0.947488,0.590955
-0.142196,0.947489,0.590957
-0.142195,0.947488,0.59096
-0.142196,0.94749,0.590961
-0.142197,0.947487,0.590959
-0.142196,0.947485,0.590959
-0.142197,0.947486,0.590959
-0.142197,0.947489,0.590962
-0.142195,0.947489,0.590961
-0.142196,0.947489,0.590961
-0.142197,0.947488,0.590962
-0.142196,0.947488,0.590958
-0.142197,0.947487,0.590962
-0.142197,0.947486,0.59096
-0.142196,0.947487,0.590959
-0.142196,0.94749,0.590958
-0.142196,0.947485,0.590959
-0.142196,0.947487,0.59096
-0.142195,0.947487,0.590959
-0.142196,0.947487,0.590962
-0.142197,0.947487,0.590961
-0.142195,0.947486,0.590958
-0.142197,0.94749,0.590961
-0.142195,0.947487,0.590957
-0.142195,0.947486,0.59096
-0.142196,0.947488,0.590961
-0.142197,0.947486,0.59096
-0.142195,0.947487,0.590959
-0.142196,0.947489,0.59096
-0.142197,0.947488,0.59096
-0.142197,0.947487,0.59096
-0.142196,0.947487,0.59096
-0.142196,0.94749,0.590959
-0.142196,0.947487,0.590958
-0.142197,0.947487,0.590959
-0.142197,0.947488,0.590959
-0.142198,0.947486,0.590959
-0.142197,0.947488,0.59096
-0.142197,0.947486,0.590958
-0.142196,0.947487,0.590962
-0.142195,0.947487,0.59096
-0.142196,0.947485,0.59096
-0.142195,0.947485,0.590959
-0.142195,0.947489,0.59096
-0.142196,0.947486,0.590958
-0.142197,0.947486,0.59096
-0.142195,0.947487,0.59096
-0.142196,0.947489,0.59096
-0.142197,0.947487,0.59096
-0.142197,0.947486,0.590962
-0.142196,0.947487,0.59096
-0.142196,0.947489,0.590961
-0.142196,0.947489,0.590958
-0.142196,0.947488,0.59096
-0.142197,0.947489,0.590959
-0.142195,0.947487,0.590957
-0.142197,0.947485,0.590957
-0.142196,0.947486,0.590959
-0.142196,0.947486,0.590959
-0.142195,0.947485,0.590959
-0.142196,0.947485,0.590957
-0.142196,0.947487,0.590962
-0.142197,0.947485,0.590961
-0.142195,0.947487,0.590959
-0.142197,0.947486,0.590961
-0.142196,0.947486,0.590962
-0.142196,0.947487,0.59096
-0.142196,0.947486,0.59096
-0.142195,0.947487,0.590958
-0.142196,0.947488,0.590959
-0.142196,0.947486,0.590959
-0.142196,0.947487,0.590961
-0.142195,0.947486,0.590959
-0.142197,0.947486,0.590963
-0.142196,0.947486,0.59096
-0.142198,0.947486,0.590961
-0.142196,0.947487,0.590962
-0.142197,0.947487,0.59096
-0.142196,0.947486,0.590962
-0.142196,0.947486,0.59096
-0.142197,0.947486,0.590961
-0.142196,0.947488,0.59096
-0.142197,0.947486,0.590961
-0.142196,0.947484,0.590962
-0.142196,0.947486,0.59096
-0.142197,0.947487,0.590961
-0.142198,0.947485,0.590961
-0.142197,0.947486,0.590963
-0.142198,0.947488,0.590962
-0.142198,0.947485,0.590962
-0.142197,0.947488,0.590964
-0.142195,0.947484,0.590961
-0.142196,0.947487,0.590961
-0.142196,0.947486,0.59096
-0.142196,0.947486,0.590962
-0.142197,0.947486,0.590961
-0.142197,0.947486,0.590963
-0.142197,0.947485,0.590962
-0.142198,0.947486,0.590964
-0.142197,0.947485,0.590963
-0.142198,0.947486,0.590962
-0.142198,0.947486,0.590963
-0.142198,0.947487,0.590963
-0.142196,0.947488,0.59096
-0.142197,0.947487,0.590962
-0.142196,0.947483,0.590962
-0.142197,0.947487,0.590961
-0.142196,0.947487,0.590958
-0.142197,0.947485,0.59096
-0.142197,0.947487,0.590962
-0.142197,0.947486,0.590959
-0.142197,0.947486,0.59096
-0.142197,0.947485,0.590961
-0.142196,0.947487,0.59096
-0.142197,0.947484,0.590963
-0.142196,0.947486,0.590961
-0.142196,0.947485,0.590959
-0.142195,0.947481,0.590959
-0.142195,0.947486,0.59096
-0.142193,0.947482,0.590958
-0.142193,0.947482,0.590957
-0.142193,0.947479,0.590954
-0.142194,0.947478,0.590958
-0.142195,0.94748,0.590957
-0.142196,0.94748,0.59096
-0.142198,0.947484,0.590962
-0.142198,0.947482,0.590963
-0.142198,0.947482,0.590961
-0.1422,0.94748,0.590967
-0.1422,0.947481,0.590965
-0.142197,0.947482,0.590962
-0.142197,0.947481,0.590962
-0.142197,0.94748,0.590962
-0.142196,0.947482,0.59096
-0.142195,0.947478,0.590958
-0.142194,0.947479,0.590958
-0.14219,0.947483,0.590955
-0.142188,0.947481,0.59095
-0.142189,0.947482,0.590949
-0.142189,0.947478,0.590945
-0.142192,0.947481,0.59095
-0.142196,0.947479,0.590958
-0.142197,0.947481,0.590962
-0.142199,0.947482,0.590967
-0.142199,0.947481,0.590966
-0.1422,0.947481,0.590969
-0.142199,0.94748,0.590964
-0.142196,0.947477,0.590965
-0.142193,0.947473,0.59096
-0.142184,0.947471,0.590947
-0.142178,0.947467,0.590939
-0.142169,0.94746,0.590927
-0.142159,0.947453,0.590916
-0.142146,0.947444,0.590898
-0.142135,0.947439,0.590886
-0.142132,0.947437,0.590881
-0.142132,0.947437,0.590881
-0.142133,0.94744,0.590882
-0.142135,0.947439,0.590883
-0.142138,0.947443,0.590889
-0.142142,0.947446,0.590896
-0.142142,0.947445,0.590895
-0.142142,0.947439,0.590896
-0.142141,0.94744,0.590897
-0.142139,0.947441,0.590891
-0.142137,0.947444,0.590887
-0.142137,0.947445,0.590887
-0.142136,0.947446,0.590886
-0.142137,0.947447,0.590888
-0.142137,0.947445,0.590888
-0.142139,0.947446,0.590891
-0.142137,0.947444,0.590889
-0.142138,0.947445,0.590889
-0.142139,0.947447,0.590891
-0.142139,0.94745,0.590891
-0.14214,0.947447,0.590894
-0.14214,0.947447,0.590893
-0.142139,0.947445,0.590891
-0.142138,0.947447,0.590887
-0.142139,0.947443,0.590889
-0.142136,0.947446,0.590887
-0.142138,0.947446,0.59089
-0.142138,0.947449,0.590889
-0.142138,0.947448,0.59089
-0.142138,0.947451,0.59089
-0.142138,0.94745,0.590891
-0.142137,0.947447,0.590888
-0.142137,0.947449,0.590887
-0.142136,0.947451,0.59089
-0.142135,0.94745,0.590883
-0.142137,0.94745,0.590888
-0.142135,0.947446,0.590888
-0.142135,0.947449,0.590887
-0.142134,0.947452,0.590885
-0.142134,0.947451,0.590884
-0.142132,0.947452,0.590884
-0.142131,0.947454,0.590883
-0.14213,0.947451,0.59088
-0.142127,0.947456,0.590878
-0.142125,0.947454,0.590877
-0.142124,0.947457,0.590875
-0.142121,0.947456,0.590868
-0.142115,0.947455,0.590866
-0.142105,0.947452,0.590853
-0.142085,0.947452,0.590827
-0.142062,0.947452,0.590798
-0.142037,0.947452,0.590765
-0.142014,0.947448,0.590736
-0.141994,0.947444,0.590713
-0.141976,0.94744,0.59069
-0.141953,0.947437,0.590668
-0.141925,0.947432,0.590631
-0.141891,0.94743,0.590592
-0.141847,0.947427,0.59054
-0.141791,0.947425,0.590474
-0.14173,0.947418,0.590408
-0.14167,0.947418,0.590338
-0.141606,0.94742,0.590262
-0.141544,0.94742,0.59019
-0.141476,0.947425,0.590111
-0.141416,0.947432,0.590043
-0.141344,0.947441,0.589951
-0.141277,0.947461,0.58987
-0.141197,0.947489,0.589775
-0.141122,0.94751,0.589678
-0.141049,0.947529,0.589583
-0.140972,0.947534,0.589475
-0.140896,0.947529,0.58938
-0.140823,0.947513,0.589282
-0.140734,0.947486,0.589164
-0.14065,0.947441,0.589061
-0.14056,0.947358,0.588948
-0.140476,0.947265,0.588839
-0.140386,0.947127,0.588713
-0.140301,0.946974,0.58859
-0.140218,0.946788,0.588468
-0.140118,0.946543,0.588326
-0.140014,0.946289,0.588189
-0.139889,0.945994,0.588034
-0.139769,0.945704,0.587903
-0.139614,0.945381,0.587741
-0.139455,0.945088,0.587588
-0.139264,0.94473,0.587422
-0.139053,0.944391,0.587246
-0.138787,0.944022,0.58705
-0.138498,0.943644,0.586848
-0.138216,0.943285,0.586658
-0.137913,0.942898,0.586449
-0.137552,0.942449,0.586206
-0.137154,0.941991,0.585945
-0.136789,0.941571,0.585725
-0.136414,0.941118,0.585507
-0.135956,0.94059,0.58527
-0.135453,0.940053,0.585033
-0.134921,0.939515,0.584806
-0.134439,0.938985,0.584602
-0.133966,0.938423,0.584386
-0.133445,0.937821,0.584128
-0.132917,0.937217,0.583829
-0.132423,0.936646,0.58353
-0.131937,0.936061,0.583218
-0.131427,0.935422,0.582878
-0.130978,0.93484,0.582576
-0.130499,0.93424,0.582244
-0.129989,0.933615,0.581899
-0.129416,0.932889,0.581514
-0.128908,0.932222,0.581183
-0.128363,0.931473,0.580808
-0.127828,0.930681,0.580408
-0.127279,0.929881,0.579962
-0.126804,0.929142,0.579552
-0.126359,0.928388,0.579133
-0.125872,0.927557,0.57867
-0.125421,0.926793,0.57823
-0.124907,0.925955,0.577713
-0.124424,0.925182,0.57723
-0.123901,0.924318,0.576687
-0.123435,0.923549,0.576177
-0.122942,0.922696,0.575612
-0.122435,0.921824,0.575029
-0.121959,0.921026,0.574487
-0.121416,0.920147,0.573866
-0.120911,0.919366,0.573301
-0.120404,0.918555,0.572741
-0.119852,0.917645,0.572117
-0.119298,0.916775,0.571487
-0.118732,0.915902,0.570839
-0.118223,0.9151,0.570234
-0.117689,0.914216,0.569572
-0.117171,0.913367,0.568908
-0.11669,0.912601,0.568289
-0.11618,0.911755,0.567618
-0.115719,0.911,0.566988
-0.115204,0.910201,0.566283
-0.114733,0.909504,0.565631
-0.114277,0.908785,0.564989
-0.11379,0.90799,0.564289
-0.113318,0.907211,0.563602
-0.112896,0.9065,0.562981
-0.112464,0.905791,0.562354
-0.111975,0.905,0.561644
-0.111536,0.904272,0.561002
-0.111072,0.903491,0.560306
-0.11065,0.902775,0.559688
-0.110203,0.90198,0.559011
-0.109738,0.901169,0.558307
-0.109257,0.900363,0.557597
-0.108786,0.89956,0.556905
-0.108338,0.89873,0.55625
-0.107895,0.897876,0.555618
-0.107323,0.896775,0.554829
-0.106842,0.895878,0.554216
-0.106357,0.894945,0.553618
-0.10592,0.894092,0.553098
-0.105477,0.893218,0.552598
-0.104987,0.892238,0.552075
-0.104491,0.89122,0.551567
-0.104007,0.890308,0.551102
-0.103445,0.889279,0.550605
-0.10288,0.88821,0.550145
-0.102366,0.887231,0.54975
-0.101839,0.886265,0.549375
-0.101265,0.885169,0.54895
-0.100675,0.884036,0.548496
-0.100124,0.882985,0.548066
-0.0995374,0.881808,0.547588
-0.0990341,0.880733,0.547161
-0.0984913,0.87953,0.546682
-0.0980021,0.878443,0.546236
-0.0974899,0.877366,0.545768
-0.0968937,0.876201,0.545247
-0.0962817,0.875031,0.544739
-0.0957135,0.873985,0.544322
-0.0950731,0.872838,0.543894
-0.0944804,0.871792,0.5435
-0.0938684,0.870757,0.543101
-0.093265,0.869694,0.542719
-0.0926117,0.868526,0.542297
-0.0919651,0.86736,0.541884
-0.0913852,0.866297,0.541536
-0.0907249,0.865117,0.541159
-0.0900227,0.863964,0.540758
-0.0893242,0.862804,0.54035
-0.0886751,0.861656,0.539938
-0.0881215,0.860648,0.539573
-0.0875318,0.859554,0.539174
-0.0869975,0.858566,0.538777
-0.0863919,0.857483,0.538292
-0.0857965,0.856406,0.537805
-0.0852229,0.855321,0.537328
-0.0847031,0.85434,0.536919
-0.0841283,0.853259,0.536466
-0.083529,0.85218,0.536007
-0.0829676,0.8512,0.535556
-0.0824416,0.850222,0.535134
-0.0819571,0.849266,0.534746
-0.0814655,0.848223,0.53433
-0.0810075,0.847287,0.533907
-0.0804844,0.84627,0.53337
-0.0799599,0.84525,0.532811
-0.0795088,0.844304,0.532309
-0.0790394,0.843277,0.531795
-0.0785581,0.842239,0.531244
-0.0780252,0.841191,0.530645
-0.0774797,0.840145,0.530071
-0.0769648,0.839125,0.52953
-0.0765048,0.838089,0.529037
-0.0760275,0.837047,0.528504
-0.0754927,0.83602,0.527905
-0.0749481,0.83503,0.527287
-0.0744376,0.834029,0.526689
-0.0740004,0.833113,0.52616
-0.0735359,0.832195,0.525599
-0.0729675,0.831166,0.524975
-0.0724451,0.830231,0.524444
-0.0719268,0.829173,0.523914
-0.0714179,0.8281,0.523371
-0.0708756,0.827006,0.522795
-0.0703065,0.825911,0.522186
-0.0698173,0.824903,0.521653
-0.0693369,0.823896,0.521113
-0.0688364,0.822895,0.52056
-0.0682542,0.821777,0.519976
-0.0677104,0.820753,0.519483
-0.067147,0.819602,0.518978
-0.0666259,0.818551,0.518497
-0.0660805,0.81747,0.517972
-0.0654657,0.816277,0.517421
-0.0649107,0.815189,0.516948
-0.0642872,0.813982,0.516404
-0.0636744,0.812849,0.515911
-0.0630512,0.811695,0.515487
-0.0623792,0.810432,0.515081
-0.061725,0.809167,0.514652
-0.0611297,0.808006,0.514213
-0.0605444,0.806836,0.513752
-0.0598946,0.80556,0.513289
-0.0594511,0.80463,0.51296
-0.0586685,0.802971,0.512319
-0.0580929,0.801741,0.511875
-0.0574341,0.800358,0.511434
-0.0567923,0.79896,0.511023
-0.0562273,0.797684,0.510609
-0.0556037,0.796262,0.510097
-0.0551595,0.79522,0.509722
-0.0545168,0.793703,0.509187
-0.0539594,0.792321,0.508696
-0.0533986,0.79091,0.508176
-0.0528008,0.789445,0.5077
-0.052191,0.787943,0.507279
-0.0516639,0.786589,0.506908
-0.0511215,0.785058,0.506469
-0.0505953,0.783503,0.505991
-0.0501168,0.782105,0.505534
-0.0496152,0.780599,0.505072
-0.0491811,0.779247,0.504652
-0.0487263,0.777888,0.504237
-0.0481733,0.776344,0.503808
-0.0476111,0.774793,0.503385
-0.04715,0.773384,0.503051
-0.046691,0.771813,0.502661
-0.0462766,0.770371,0.502243
-0.0458479,0.768947,0.501819
-0.045399,0.767404,0.50137
-0.0449878,0.765877,0.50098
-0.0445457,0.764336,0.500612
-0.0440955,0.762919,0.500259
-0.0436063,0.761353,0.499888
-0.0432153,0.759934,0.499588
-0.0428101,0.758374,0.499233
-0.0423931,0.756796,0.498816
-0.0420218,0.755359,0.498414
-0.0416662,0.753944,0.498068
-0.0413266,0.7524,0.497724
-0.0409666,0.750883,0.497361
-0.0406145,0.749509,0.497011
-0.0402562,0.748135,0.496675
-0.0398791,0.74664,0.496369
-0.0395092,0.745118,0.496069
-0.0391349,0.743697,0.49576
-0.0387452,0.742107,0.495386
-0.0383934,0.740529,0.495049
-0.0380918,0.738973,0.494712
-0.0378108,0.737579,0.494367
-0.03747,0.736062,0.493994
-0.0371763,0.734685,0.493688
-0.0369164,0.733318,0.493431
-0.0366764,0.731947,0.493156
-0.0363972,0.730431,0.492787
-0.0361218,0.729061,0.492429
-0.0358358,0.727557,0.492069
-0.0356141,0.726192,0.4918
-0.0353596,0.724685,0.491512
-0.035085,0.723185,0.491214
-0.0348101,0.721695,0.490926
-0.0345429,0.720245,0.490683
-0.0342994,0.718936,0.490441
-0.0339908,0.717473,0.49012
-0.0337039,0.716123,0.48982
-0.0334381,0.714774,0.48954
-0.0332247,0.713293,0.489241
-0.0330414,0.711825,0.488919
-0.0328524,0.71049,0.488572
-0.0326479,0.709028,0.48823
-0.0324675,0.707605,0.48796
-0.0323003,0.706201,0.487707
-0.0321421,0.704926,0.487415
-0.0319714,0.703638,0.487079
-0.0317751,0.702232,0.486683
-0.0316307,0.700959,0.48636
-0.0314916,0.699569,0.486022
-0.0313297,0.698153,0.485654
-0.0311342,0.696694,0.485285
-0.0309299,0.695249,0.484944
-0.030805,0.6942,0.48475
-0.0306147,0.692514,0.484401
-0.030418,0.691221,0.48405
-0.0301706,0.689791,0.483625
-0.0299669,0.688485,0.483274
-0.0297828,0.687062,0.48297
-0.0296181,0.685756,0.48268
-0.0294323,0.684424,0.482321
-0.0292297,0.683091,0.481962
-0.0290304,0.68178,0.48164
-0.0288312,0.680493,0.481382
-0.0285795,0.679069,0.48105
-0.0282572,0.677658,0.480648
-0.0279267,0.676375,0.480275
-0.0275709,0.67498,0.479906
-0.027247,0.6736,0.47956
-0.0269504,0.672331,0.479203
-0.0266052,0.670899,0.478774
-0.0262242,0.669467,0.478386
-0.0259211,0.668172,0.478065
-0.0255383,0.666494,0.477567
-0.0252181,0.665188,0.477135
-0.0248573,0.663754,0.476656
-0.0245345,0.662475,0.476237
-0.0241461,0.661092,0.475746
-0.0237834,0.659838,0.47528
-0.0234093,0.658448,0.47478
-0.0230723,0.657082,0.474291
-0.0227577,0.65586,0.473771
-0.0224275,0.654618,0.473199
-0.022054,0.653211,0.472601
-0.0217612,0.651921,0.47207
-0.0214532,0.650547,0.471439
-0.0211732,0.649322,0.470858
-0.0208991,0.647967,0.470228
-0.0206461,0.646639,0.469625
-0.0203306,0.645361,0.468934
-0.0199894,0.644098,0.468174
-0.0196453,0.642714,0.467393
-0.0193777,0.641563,0.466783
-0.019051,0.640336,0.466068
-0.0187254,0.639084,0.465345
-0.0184533,0.63793,0.46477
-0.018194,0.636781,0.464188
-0.0179121,0.635675,0.463478
-0.0176076,0.634483,0.462652
-0.0173862,0.633384,0.461956
-0.0171676,0.632208,0.461177
-0.0169424,0.631162,0.460434
-0.0166589,0.630008,0.459635
-0.0164437,0.628942,0.458978
-0.0162346,0.627789,0.458242
-0.0160182,0.626771,0.45746
-0.0158304,0.625742,0.456659
-0.015684,0.624591,0.455855
-0.0155821,0.623442,0.455038
-0.0154655,0.622293,0.454156
-0.0153751,0.62124,0.453361
-0.0153691,0.620159,0.452626
-0.0154027,0.618983,0.451779
-0.0154278,0.617938,0.4509
-0.0155143,0.616769,0.449894
-0.0156712,0.615594,0.448956
-0.0158667,0.614535,0.448112
-0.0160308,0.613699,0.447402
-0.0163096,0.61224,0.446185
-0.0165666,0.611152,0.445372
-0.0168775,0.609966,0.444512
-0.0171445,0.608905,0.443671
-0.0174237,0.607707,0.442698
-0.0177075,0.606574,0.44187
-0.0180313,0.605408,0.441085
-0.0184089,0.604142,0.44021
-0.0187381,0.602991,0.439417
-0.0189647,0.60216,0.438884
-0.0194494,0.600464,0.437881
-0.0198048,0.59928,0.437205
-0.0201769,0.598098,0.436481
-0.0205381,0.596916,0.435744
-0.0209256,0.59559,0.434944
-0.0212878,0.594394,0.434212
-0.0217101,0.593104,0.433463
-0.0221365,0.59182,0.432756
-0.0224945,0.590632,0.432122
-0.0227164,0.589788,0.431683
-0.0231021,0.5881,0.43085
-0.0234373,0.586763,0.430304
-0.0237827,0.585425,0.42979
-0.0241001,0.584058,0.429198
-0.0243805,0.582793,0.428626
-0.0247065,0.581401,0.428079
-0.0251068,0.579856,0.427604
-0.025442,0.578431,0.427182
-0.0257143,0.577105,0.426772
-0.0259905,0.575631,0.426312
-0.0262916,0.574179,0.425932
-0.0266316,0.572744,0.425641
-0.0269308,0.571452,0.425357
-0.0271905,0.570025,0.424991
-0.0273923,0.568709,0.424628
-0.0276288,0.567277,0.424267
-0.0278716,0.565991,0.424018
-0.0281615,0.564574,0.423801
-0.028413,0.563144,0.42356
-0.0285969,0.561819,0.423311
-0.0287561,0.560523,0.423095
-0.0289821,0.559103,0.422947
-0.02921,0.557837,0.422854
-0.0294418,0.556478,0.422722
-0.0296219,0.555123,0.422506
-0.0297313,0.55391,0.422278
-0.0298551,0.552714,0.422084
-0.030006,0.551532,0.421952
-0.0301593,0.550367,0.421796
-0.030308,0.549091,0.421618
-0.0303896,0.547922,0.421442
-0.0304465,0.546754,0.421284
-0.0305151,0.545591,0.42118
-0.0306151,0.544432,0.421136
-0.0307323,0.543278,0.421081
-0.030827,0.542035,0.421006
-0.0308571,0.540919,0.420877
-0.0308645,0.539706,0.42072
-0.0308796,0.538618,0.420619
-0.0309206,0.537433,0.420519
-0.0309625,0.536355,0.420445
-0.030989,0.535167,0.42036
-0.0309837,0.534101,0.420258
-0.0309902,0.532926,0.420146
-0.0310154,0.531881,0.420074
-0.0310669,0.530754,0.42004
-0.0310959,0.529669,0.41997
-0.0310771,0.528725,0.419874
-0.0310257,0.527786,0.419737
-0.0309626,0.526853,0.41958
-0.0308823,0.525857,0.41945
-0.0308045,0.524979,0.419355
-0.030729,0.524031,0.41923
-0.0306597,0.523118,0.419053
-0.0305708,0.522241,0.418856
-0.0304643,0.521462,0.41867
-0.0303288,0.520611,0.418561
-0.030207,0.519846,0.418486
-0.0300685,0.519015,0.418373
-0.0299046,0.518282,0.418217
-0.029709,0.517504,0.417997
-0.029547,0.516726,0.417771
-0.0294265,0.516031,0.417575
-0.0292841,0.515301,0.41732
-0.0291405,0.514659,0.417095
-0.0289749,0.514038,0.416831
-0.0287422,0.51337,0.416504
-0.0285111,0.512761,0.416235
-0.0282752,0.51215,0.416031
-0.0280112,0.511491,0.415803
-0.0277521,0.510844,0.415543
-0.0275155,0.510291,0.415236
-0.0272929,0.509752,0.414867
-0.0270386,0.509203,0.414484
-0.0267911,0.508665,0.414148
-0.0265399,0.50815,0.413782
-0.0263102,0.507685,0.413441
-0.0260156,0.507188,0.413049
-0.0257269,0.506737,0.412682
-0.0254034,0.506251,0.412338
-0.025161,0.505795,0.412062
-0.0249137,0.505293,0.411732
-0.0246575,0.504859,0.411397
-0.0243753,0.504428,0.411027
-0.0240349,0.503966,0.410626
-0.0237349,0.503541,0.410292
-0.0234232,0.503109,0.409966
-0.0230568,0.502627,0.409622
-0.0226743,0.502149,0.409273
-0.0223115,0.501706,0.40895
-0.0219659,0.501258,0.408633
-0.0216154,0.50075,0.408344
-0.0212683,0.500252,0.408108
-0.0208871,0.49976,0.407854
-0.0204804,0.499261,0.407578
-0.0200472,0.498805,0.407318
-0.0195244,0.498276,0.40707
-0.0190492,0.497786,0.406886
-0.0185338,0.497246,0.406702
-0.0180335,0.49672,0.406509
-0.0175285,0.496219,0.406299
-0.0170577,0.495761,0.406133
-0.0166024,0.495298,0.406009
-0.0161138,0.494773,0.405969
-0.0156534,0.494271,0.405963
-0.0151128,0.49371,0.405936
-0.0146089,0.493198,0.405868
-0.0141109,0.492701,0.405797
-0.0135792,0.492178,0.405758
-0.013104,0.49171,0.40576
-0.0126396,0.491235,0.405753
-0.0120999,0.49072,0.40579
-0.0115906,0.490245,0.405802
-0.0110239,0.489713,0.40583
-0.0105159,0.489221,0.4059
-0.00997265,0.48869,0.406033
-0.0094247,0.488169,0.40615
-0.00891827,0.487715,0.406235
-0.00840592,0.487274,0.406313
-0.0078301,0.48678,0.406396
-0.00729765,0.486311,0.406486
-0.00671904,0.485798,0.406607
-0.00614567,0.485304,0.406745
-0.00561597,0.484872,0.406848
-0.0050262,0.484419,0.406992
-0.00442601,0.483968,0.407152
-0.00385758,0.483548,0.40733
-0.00328068,0.483113,0.407503
-0.00272198,0.482655,0.407741
-0.00210809,0.482168,0.408022
-0.00150354,0.481698,0.408261
-0.000944608,0.481298,0.408464
-0.000276174,0.480839,0.408675
0.000304101,0.480457,0.408848
0.000890815,0.480064,0.40905
0.00153613,0.479628,0.409284
0.00211665,0.479235,0.409476
0.00275977,0.478824,0.409694
0.00332844,0.47848,0.409894
0.00394642,0.478108,0.410095
0.00455842,0.477731,0.410265
0.00514879,0.477356,0.410405
0.00568561,0.477015,0.410571
0.00621711,0.476678,0.410745
0.00679921,0.476322,0.410869
0.00732258,0.476017,0.410944
0.00788949,0.475718,0.410984
0.00840083,0.475453,0.410996
0.00897069,0.475169,0.410961
0.00947597,0.47491,0.410916
0.0100127,0.474623,0.410862
0.0104864,0.474372,0.41078
0.0110288,0.474115,0.410681
0.0115614,0.473864,0.41057
0.0120984,0.473626,0.410441
0.0125908,0.473399,0.410338
0.0131448,0.473144,0.410209
0.0136336,0.472903,0.410105
0.0141007,0.472659,0.409973
0.0145915,0.472405,0.409765
0.0150578,0.472174,0.409516
0.0154763,0.471983,0.409251
0.0159192,0.471779,0.408906
0.0163057,0.471591,0.408584
0.0166883,0.471401,0.408269
0.0171233,0.47119,0.407896
0.0175838,0.470982,0.40753
0.0179779,0.470782,0.407183
0.0184082,0.470563,0.406786
0.0188463,0.470338,0.406394
0.0193341,0.470089,0.406033
0.0197608,0.469871,0.405782
0.020248,0.469624,0.405461
0.0207419,0.469371,0.405124
0.0212656,0.469122,0.404796
0.021842,0.468878,0.404436
0.022376,0.468646,0.404077
0.0229468,0.468376,0.403726
0.0235028,0.468082,0.403403
0.0240057,0.467805,0.403136
0.0245564,0.467534,0.402891
0.0251428,0.467241,0.402676
0.0256253,0.466984,0.402517
0.0264858,0.466493,0.402411
0.0271565,0.466071,0.402365
0.0277464,0.465657,0.402316
0.0284071,0.465195,0.402205
0.0290596,0.464783,0.402153
0.0297961,0.464326,0.402143
0.0304474,0.463881,0.402175
0.0311654,0.463377,0.40223
0.0318569,0.46286,0.402245
0.0325134,0.462378,0.402268
0.0332692,0.461852,0.402353
0.0339283,0.46136,0.402487
0.0345928,0.460784,0.402618
0.0351584,0.460238,0.402681
0.0356959,0.459687,0.402672
0.0362313,0.459132,0.402657
0.0368356,0.458531,0.402704
0.0373435,0.457965,0.40274
0.0378468,0.45731,0.402759
0.0382889,0.456721,0.402703
0.0387516,0.456046,0.402628
0.0391592,0.455445,0.402627
0.039521,0.454829,0.402638
0.0398501,0.454187,0.402639
0.040199,0.453449,0.402565
0.0405201,0.45278,0.402446
0.0408535,0.452125,0.402359
0.0412085,0.451414,0.402283
0.0415202,0.45067,0.402221
0.0417986,0.449904,0.402098
0.0420908,0.44914,0.401918
0.0423863,0.448462,0.401824
0.0426384,0.447765,0.401768
0.042877,0.446975,0.401689
0.0430997,0.446175,0.401562
0.0433116,0.445375,0.401345
0.0435654,0.4446,0.401145
0.0438229,0.443906,0.401022
0.0440886,0.443129,0.400887
0.044294,0.442403,0.400713
0.044515,0.441587,0.400544
0.0447944,0.440794,0.400424
0.045072,0.439983,0.400386
0.0453051,0.43913,0.40033
0.0454883,0.438263,0.400225
0.0456921,0.43749,0.40011
0.0459666,0.43675,0.400013
0.046183,0.436245,0.399953
0.0465257,0.435179,0.399791
0.0467522,0.434341,0.399703
0.0470181,0.43361,0.399613
0.0473278,0.432883,0.399556
0.0476943,0.432086,0.39952
0.0479709,0.431348,0.399488
0.0482606,0.430537,0.399489
0.0486326,0.429771,0.399396
0.0490803,0.429036,0.399206
0.0494725,0.428376,0.39904
0.049875,0.427651,0.398882
0.0503051,0.426939,0.398785
0.0507859,0.42622,0.398653
0.0512508,0.42558,0.398542
0.0517484,0.424871,0.398487
0.0521997,0.424143,0.398413
0.0526098,0.423396,0.39824
0.0529909,0.422709,0.398011
0.0534256,0.422065,0.397769
0.0538837,0.42133,0.397554
0.054291,0.42058,0.397381
0.0546856,0.419901,0.397228
0.0551713,0.419163,0.397068
0.0556742,0.41844,0.396892
0.0560613,0.417762,0.396712
0.0564218,0.417009,0.396465
0.056796,0.416352,0.396171
0.0572115,0.415627,0.395838
0.0575941,0.41491,0.395554
0.0579523,0.414204,0.395301
0.0582791,0.413484,0.395064
0.05859,0.412752,0.394829
0.0588842,0.412106,0.394642
0.0591631,0.411479,0.39449
0.0594039,0.410856,0.394342
0.0596226,0.410157,0.394194
0.0598589,0.409511,0.394034
0.0601574,0.408943,0.393854
0.0604709,0.408412,0.393703
0.0607506,0.407945,0.393618
0.0610502,0.40744,0.393522
0.0613554,0.406973,0.393487
0.061606,0.406573,0.393507
0.0618734,0.406155,0.39357
0.0620927,0.405769,0.393681
0.0623398,0.405352,0.393938
0.0625498,0.404916,0.394247
0.0627455,0.404541,0.394572
0.0629608,0.404159,0.39495
0.0631658,0.403856,0.395323
0.0633762,0.403584,0.395727
0.0635818,0.40333,0.396106
0.0637996,0.403079,0.396537
0.0639906,0.402864,0.396989
0.0641882,0.402629,0.397497
0.0643557,0.402421,0.397996
0.0645527,0.402217,0.39857
0.0647159,0.402052,0.399117
0.0648904,0.401896,0.39974
0.0650453,0.401765,0.40034
0.0652026,0.401656,0.400941
0.0653635,0.401556,0.401523
0.0655056,0.401462,0.402058
0.0656722,0.40136,0.402637
0.0658278,0.401268,0.403156
0.0659954,0.401172,0.403714
0.0661709,0.401099,0.404223
0.0663756,0.401054,0.404727
0.0666607,0.401012,0.405412
0.0669206,0.400999,0.405983
0.0672073,0.401011,0.406573
0.0674988,0.401032,0.407152
0.0677564,0.401056,0.407664
0.0680242,0.401083,0.408214
0.0682678,0.401107,0.408704
0.0685021,0.401128,0.409178
0.0687362,0.401152,0.409635
0.0689842,0.401168,0.410123
0.0692287,0.401188,0.410603
0.0694733,0.401208,0.411054
0.0696799,0.401223,0.411441
0.0699191,0.401242,0.411841
0.0701314,0.401246,0.412187
0.0703477,0.401238,0.412526
0.0705938,0.401213,0.412885
0.0708037,0.40116,0.413172
0.0710179,0.401091,0.413447
0.0712822,0.401022,0.413738
0.0715286,0.400945,0.413965
0.0718187,0.400856,0.414165
0.0721147,0.400779,0.414315
0.0724721,0.400686,0.414467
0.0728617,0.400523,0.414604
0.073262,0.400348,0.414722
0.0736571,0.400122,0.414819
0.0740292,0.399909,0.414878
0.0744247,0.399699,0.414911
0.0748619,0.399445,0.41491
0.0752654,0.399185,0.414877
0.0756836,0.398846,0.414799
0.0760059,0.398493,0.414734
0.0763522,0.39809,0.414602
0.0767517,0.397706,0.414416
0.0771704,0.397294,0.414237
0.0775323,0.396875,0.414051
0.0778849,0.39637,0.413871
0.078255,0.395852,0.413664
0.0786162,0.395365,0.413393
0.0789562,0.394843,0.413092
0.0792048,0.394247,0.412731
0.0794322,0.393549,0.412308
0.0796899,0.392843,0.411869
0.080006,0.392238,0.411449
0.0803151,0.39162,0.411001
0.0806817,0.39096,0.410504
0.0810263,0.390345,0.410076
0.0813924,0.389631,0.409622
0.0816912,0.388941,0.409185
0.0819617,0.388108,0.408759
0.0821006,0.38753,0.408483
0.0824163,0.386417,0.407925
0.082773,0.385621,0.407353
0.0831052,0.38488,0.406744
0.0833862,0.384115,0.40618
0.0836437,0.383231,0.405591
0.0838218,0.382258,0.405075
0.0839285,0.38132,0.404642
0.0841153,0.380328,0.404198
0.0842913,0.379313,0.403754
0.0844493,0.378312,0.403248
0.0846731,0.377352,0.402647
0.084926,0.376406,0.402104
0.085123,0.375425,0.401545
0.0852385,0.374481,0.401061
0.0853211,0.37341,0.400577
0.0854113,0.372454,0.400186
0.0855652,0.371421,0.399777
0.0856742,0.370475,0.399387
0.0857864,0.369434,0.398864
0.085898,0.368489,0.398346
0.0859329,0.36741,0.397833
0.0859803,0.366444,0.397429
0.0860466,0.365388,0.397066
0.0861174,0.364349,0.396712
0.0862035,0.363427,0.396408
0.0862424,0.362495,0.396069
0.0862807,0.36157,0.39563
0.0863875,0.360591,0.395164
0.0864533,0.359702,0.394826
0.0865029,0.358815,0.394561
0.0865325,0.358182,0.394368
0.0865384,0.356806,0.394014
0.0865402,0.355803,0.393828
0.0865534,0.354817,0.393676
0.0865814,0.353866,0.393357
0.0866297,0.353018,0.393031
0.0866859,0.3522,0.392794
0.0867499,0.351322,0.392596
0.0868439,0.350439,0.392463
0.0869681,0.349588,0.392341
0.0871304,0.348682,0.392273
0.0872436,0.347919,0.392166
0.0873234,0.347063,0.391921
0.0874508,0.346245,0.391765
0.0875587,0.345512,0.391688
0.0876287,0.344689,0.391592
0.0877211,0.343962,0.391506
0.0877806,0.343149,0.391443
0.0878528,0.342434,0.391407
0.0879555,0.341659,0.391348
0.0880183,0.340892,0.391188
0.0881158,0.340236,0.391007
0.0882299,0.339526,0.390835
0.0883065,0.338813,0.390663
0.0883838,0.338179,0.39054
0.0884805,0.337562,0.390521
0.0885662,0.336886,0.390494
0.0886423,0.336209,0.390469
0.0887116,0.335596,0.390371
0.0887363,0.334918,0.39024
0.0887581,0.334314,0.39008
0.0888529,0.333695,0.389934
0.088926,0.333082,0.389772
0.0889972,0.332488,0.389612
0.0891149,0.331932,0.389562
0.0892027,0.331361,0.389491
0.0893338,0.330837,0.389406
0.0895062,0.330341,0.38941
0.0896361,0.329864,0.389422
0.0897519,0.329349,0.38937
0.0899355,0.328896,0.389299
0.0901177,0.328489,0.389146
0.090275,0.328085,0.389014
0.0904386,0.327706,0.388912
0.0906522,0.32725,0.388831
0.090841,0.326832,0.38881
0.0910489,0.326451,0.388765
0.0912607,0.326111,0.388781
0.0914934,0.325723,0.388781
0.0916527,0.325396,0.388796
0.0918919,0.324986,0.388767
0.0921689,0.324706,0.388767
0.0924188,0.32441,0.388717
0.0926795,0.324099,0.388618
0.0929652,0.323857,0.388599
0.0932485,0.323613,0.38854
0.0934884,0.323344,0.388422
0.0937416,0.323101,0.388349
0.0941186,0.322819,0.388378
0.0944068,0.322553,0.388424
0.0946935,0.322298,0.38844
0.0949761,0.322073,0.388481
0.0952551,0.321833,0.388511
0.0954751,0.321556,0.388503
0.0957295,0.321273,0.388492
0.0960089,0.32101,0.38855
0.0962415,0.320752,0.388537
0.0964907,0.320526,0.388487
0.0967656,0.320327,0.388493
0.0970222,0.32011,0.388465
0.0972933,0.319875,0.388431
0.0975432,0.319679,0.388419
0.0978381,0.319475,0.38849
0.0981036,0.319283,0.388601
0.0983338,0.319076,0.388688
0.0985952,0.318857,0.38881
0.0988371,0.318611,0.388938
0.0990134,0.318324,0.389016
0.0991977,0.318064,0.389113
0.0993882,0.317814,0.389264
0.099541,0.317568,0.389386
0.0996802,0.317331,0.389482
0.0998666,0.317106,0.389604
0.100042,0.316909,0.389747
0.100192,0.316659,0.38987
0.100339,0.316427,0.390007
0.100491,0.316244,0.390186
0.100673,0.316052,0.390465
0.100822,0.315836,0.390752
0.100947,0.315641,0.390985
0.101128,0.315463,0.391308
0.101292,0.315289,0.391627
0.101436,0.31507,0.391965
0.101568,0.314881,0.392262
0.101706,0.314668,0.392596
0.101841,0.314454,0.393012
0.101927,0.314242,0.393374
0.101991,0.314,0.3937
0.102072,0.3138,0.39403
0.102162,0.313574,0.39437
0.1022,0.31334,0.394676
0.102255,0.313108,0.395004
0.102316,0.312908,0.395298
0.102385,0.312709,0.395658
0.102425,0.312466,0.396031
0.102465,0.312239,0.396404
0.102492,0.312028,0.396767
0.102498,0.311792,0.397166
0.10251,0.311565,0.397552
0.102522,0.31132,0.397957
0.102538,0.31108,0.39836
0.102537,0.310819,0.398818
0.102493,0.310547,0.399221
0.10245,0.310264,0.399603
0.102423,0.310015,0.399915
0.102355,0.30971,0.400283
0.102279,0.309407,0.400652
0.102212,0.309142,0.400907
0.102176,0.308912,0.401158
0.10217,0.308705,0.401441
0.102145,0.308462,0.401756
0.102102,0.30822,0.402017
0.102105,0.308045,0.402226
0.102113,0.307857,0.402464
0.102129,0.307686,0.402669
0.102146,0.307505,0.402872
0.102135,0.307332,0.403069
0.102138,0.307166,0.403301
0.102164,0.307038,0.403522
0.10217,0.30689,0.403757
0.102161,0.306716,0.403987
0.102141,0.306544,0.404191
0.102132,0.306398,0.404355
0.102112,0.306228,0.404532
0.102096,0.306053,0.404691
0.102083,0.305881,0.404823
0.102077,0.30572,0.404914
0.102055,0.305564,0.404944
0.102044,0.305409,0.404989
0.102045,0.305282,0.405054
0.102055,0.305147,0.405124
0.102053,0.305002,0.405129
0.102039,0.304859,0.405092
0.102053,0.304762,0.405071
0.102043,0.304636,0.405026
0.102055,0.304532,0.404983
0.102072,0.30444,0.404934
0.102089,0.304333,0.404866
0.102112,0.304243,0.404797
0.10213,0.304152,0.404718
0.10216,0.304071,0.404635
0.102185,0.304,0.404551
0.102203,0.303919,0.404452
0.102199,0.303833,0.404346
0.102182,0.303731,0.404259
0.102163,0.303635,0.404187
0.102144,0.303538,0.40413
0.10211,0.303418,0.404067
0.10208,0.303308,0.404006
0.102041,0.303192,0.403914
0.101992,0.303063,0.403798
0.101902,0.302883,0.403623
0.101834,0.302749,0.403476
0.101756,0.302613,0.403322
0.10166,0.302462,0.403112
0.101574,0.30233,0.402914
0.101478,0.302196,0.402719
0.101379,0.302058,0.402508
0.101273,0.30191,0.402272
0.101177,0.301768,0.402052
0.101116,0.301662,0.401878
0.101054,0.301549,0.401672
0.100997,0.301442,0.401458
0.100947,0.301342,0.401234
0.100898,0.301249,0.401033
0.100856,0.301165,0.400856
0.100817,0.301083,0.400683
0.10076,0.300984,0.400483
0.100709,0.300898,0.400311
0.100631,0.300788,0.400133
0.100556,0.300684,0.399977
0.100479,0.300581,0.399825
0.100381,0.30047,0.399707
0.100276,0.300356,0.399588
0.100178,0.300257,0.399522
0.10008,0.300159,0.399447
0.0999856,0.300066,0.399366
0.0998879,0.299973,0.399281
0.0997736,0.299875,0.399235
0.0996626,0.299781,0.399176
0.0995506,0.299686,0.399108
0.0994306,0.299586,0.399016
0.0993076,0.299487,0.398937
0.0991761,0.299388,0.398871
0.0990791,0.299315,0.398789
0.0989815,0.29924,0.398658
0.0988967,0.299173,0.398485
0.09882,0.299112,0.398319
0.0987495,0.299057,0.398154
0.0986854,0.299007,0.397957
0.098616,0.298947,0.397724
0.098564,0.298898,0.397492
0.0985099,0.298845,0.397255
0.0984538,0.298788,0.397003
0.0984013,0.298729,0.396729
0.0983577,0.298679,0.396485
0.0983054,0.298618,0.396214
0.0982525,0.298558,0.395971
0.0981951,0.298494,0.395743
0.0981252,0.298421,0.395505
0.0980689,0.298364,0.395303
0.0980066,0.298304,0.395111
0.097955,0.298257,0.394949
0.0978959,0.298207,0.394792
0.0978577,0.298172,0.394639
0.0978131,0.298131,0.394485
0.0977646,0.298084,0.394354
0.0977049,0.298026,0.394238
0.0976297,0.297951,0.394122
0.0975574,0.29788,0.394024
0.0974713,0.297793,0.393906
0.0973879,0.29771,0.393818
0.0972994,0.297623,0.393741
0.0972127,0.297537,0.393678
0.0971351,0.297461,0.393621
0.0970464,0.297376,0.393566
0.0969669,0.2973,0.393518
0.0968857,0.297219,0.393441
0.0968112,0.297145,0.393367
0.096733,0.297065,0.393269
0.0966642,0.296991,0.393164
0.0965891,0.296914,0.393068
0.0965113,0.296831,0.392953
0.0964395,0.296756,0.392857
0.0963621,0.296674,0.392741
0.0962749,0.296586,0.392643
0.0961873,0.296495,0.392528
0.096091,0.296398,0.392426
0.0959959,0.296302,0.39233
0.0958787,0.296184,0.392216
0.0957729,0.296074,0.392094
0.095662,0.295961,0.391982
0.0955337,0.29583,0.39185
0.0954138,0.295709,0.391741
0.0952938,0.29559,0.391617
0.0951802,0.295481,0.391515
0.095064,0.295374,0.391425
0.0949368,0.295257,0.391315
0.0948112,0.295138,0.391181
0.0946944,0.295029,0.391064
0.0945686,0.294912,0.390933
0.0944779,0.294829,0.390837
0.094379,0.294741,0.390757
0.0942864,0.29466,0.390658
0.0941863,0.294576,0.390554
0.0940862,0.2945,0.390501
0.0939912,0.29443,0.390445
0.0938855,0.294356,0.390395
0.0937833,0.294289,0.390351
0.093669,0.294219,0.390336
0.0935605,0.294157,0.39036
0.0934355,0.294088,0.390386
0.0933159,0.294024,0.390415
0.0931784,0.293955,0.390475
0.093047,0.293895,0.390588
0.0929076,0.293831,0.390706
0.0927552,0.293769,0.390846
0.0926157,0.293717,0.390987
0.0924628,0.29366,0.391165
0.0922964,0.293603,0.39141
0.0921342,0.293552,0.39167
0.0919822,0.29351,0.391947
0.0918258,0.293469,0.39224
0.0916758,0.293435,0.39253
0.0915178,0.293409,0.392879
0.0913807,0.293394,0.39322
0.0912145,0.293369,0.393581
0.0910597,0.293352,0.393899
0.0908868,0.29333,0.394197
0.0906959,0.293316,0.394521
0.0904904,0.293312,0.394838
0.0903018,0.293318,0.395103
0.0901124,0.293321,0.395332
0.0899146,0.293328,0.395505
0.0897036,0.293351,0.395626
0.0894694,0.293368,0.395734
0.0892275,0.293368,0.395828
0.0889408,0.293362,0.395915
0.0886562,0.29338,0.395985
0.0883894,0.293418,0.396071
0.0880889,0.293467,0.396085
0.0877897,0.293493,0.396033
0.0874581,0.293545,0.395974
0.0871731,0.293619,0.395838
0.0868817,0.29372,0.395659
0.086577,0.293784,0.395447
0.0862383,0.29384,0.395211
0.0859136,0.293961,0.394921
0.0855752,0.294081,0.394638
0.0852504,0.294196,0.394436
0.0849177,0.294362,0.394268
0.0846354,0.294524,0.394053
0.0842602,0.294666,0.393788
0.0839512,0.294871,0.393431
0.0836633,0.295083,0.393054
0.0833728,0.295263,0.392698
0.0830924,0.295456,0.392414
0.0827734,0.295663,0.392134
0.082461,0.295848,0.39187
0.0821636,0.296092,0.391592
0.0818783,0.296301,0.391359
0.0815506,0.296536,0.391094
0.0812761,0.296764,0.390808
0.0809954,0.296979,0.390433
0.0807494,0.297184,0.390076
0.0803391,0.29751,0.389533
0.0800103,0.297699,0.389217
0.0796831,0.297943,0.388906
0.0793704,0.298153,0.388616
0.0790266,0.298397,0.388289
0.0787023,0.298644,0.387925
0.0783569,0.298875,0.387618
0.0780428,0.29913,0.387259
0.0778018,0.299374,0.386909
0.0775373,0.299591,0.386581
0.0772132,0.299808,0.386202
0.076947,0.300016,0.385907
0.0766274,0.300227,0.385639
0.0763067,0.300451,0.385368
0.0760191,0.300702,0.385168
0.0757044,0.300881,0.384938
0.0753441,0.301081,0.384664
0.0750634,0.301338,0.384387
0.0747486,0.301554,0.38409
0.0744587,0.301788,0.383763
0.0742108,0.302006,0.383543
0.0739259,0.302207,0.383242
0.0736492,0.302379,0.382992
0.0733763,0.302602,0.382732
0.0730972,0.302813,0.382482
0.0728297,0.30299,0.382303
0.0725691,0.303188,0.382167
0.072297,0.303431,0.382013
0.0720522,0.303644,0.381841
0.0717838,0.30388,0.381643
0.071518,0.304096,0.381473
0.071211,0.304334,0.381244
0.0709527,0.304549,0.380993
0.070654,0.304774,0.380759
0.0703639,0.304972,0.380536
0.0700426,0.305198,0.380243
0.0698147,0.305367,0.380044
0.0694088,0.305646,0.379723
0.0690788,0.305877,0.379502
0.0688081,0.306125,0.37932
0.0685249,0.306412,0.37916
0.0682387,0.306687,0.379073
0.0680141,0.306955,0.379004
0.0678013,0.307233,0.378935
0.0675793,0.307564,0.378914
0.0673959,0.307888,0.378928
0.067234,0.308225,0.378929
0.0671099,0.308626,0.378932
0.0669995,0.309028,0.378989
0.0668904,0.309417,0.379074
0.0668265,0.309819,0.379184
0.0667622,0.310217,0.379321
0.0666961,0.310596,0.379507
0.0666456,0.311053,0.379738
0.066575,0.311508,0.379978
0.0665084,0.311969,0.380286
0.0664498,0.312445,0.380672
0.0664009,0.312933,0.38103
0.0663427,0.313414,0.381394
0.0663048,0.313868,0.381767
0.0662279,0.314346,0.382208
0.066163,0.31485,0.382578
0.0661089,0.315329,0.382927
0.0660356,0.315852,0.383333
0.0659489,0.316313,0.383715
0.0658696,0.316849,0.384176
0.0657779,0.317406,0.384668
0.0656805,0.318144,0.385341
0.0656174,0.318675,0.385883
0.0655443,0.319214,0.386392
0.0654391,0.319759,0.3869
0.0653184,0.320392,0.387443
0.0652114,0.320967,0.387846
0.0651487,0.32161,0.388286
0.0650692,0.322175,0.388735
0.0649703,0.32279,0.389255
0.0648549,0.323339,0.389777
0.0647608,0.323919,0.390337
0.0646748,0.324513,0.390898
0.0645722,0.325122,0.391471
0.0644609,0.325799,0.392079
0.0643435,0.326404,0.392616
0.0642307,0.32708,0.393164
0.0641292,0.327758,0.393631
0.0640531,0.328412,0.394051
0.0639217,0.329049,0.394435
0.0637228,0.329721,0.39493
0.063535,0.330344,0.395431
0.0633297,0.331037,0.395972
0.0631373,0.331686,0.396427
0.0628982,0.332327,0.396848
0.0626392,0.333045,0.397289
0.0623624,0.333749,0.397572
0.0620878,0.334467,0.39786
0.061831,0.335115,0.398123
0.0614946,0.335787,0.398504
0.0611429,0.336399,0.398898
0.0607437,0.337105,0.399278
0.060373,0.337842,0.399597
0.0600159,0.338501,0.399833
0.0595875,0.3392,0.4
0.0591838,0.339894,0.400143
0.0588292,0.3405,0.400346
0.0584162,0.341172,0.400675
0.0579646,0.341823,0.400984
0.05759,0.34244,0.401247
0.0571488,0.343113,0.401524
0.0566796,0.343785,0.401749
0.0562495,0.344451,0.401852
0.0558479,0.345056,0.401963
0.0553904,0.345716,0.402163
0.0549312,0.346377,0.402427
0.0544375,0.347023,0.402625
0.0539942,0.347701,0.402834
0.0535861,0.348316,0.403066
0.0530865,0.348973,0.403255
0.0526072,0.349612,0.403312
0.0521252,0.350257,0.403397
0.0516513,0.350845,0.403577
0.0511396,0.351488,0.40383
0.0506084,0.352149,0.404016
0.050124,0.352752,0.404171
0.04959,0.353428,0.404336
0.049083,0.35403,0.404312
0.048578,0.3547,0.404294
0.048044,0.355369,0.404378
0.0474701,0.356036,0.404591
0.0469273,0.356709,0.404732
0.0463821,0.35741,0.404834
0.045948,0.358083,0.404991
0.0454477,0.35881,0.405104
0.0449643,0.359552,0.405076
0.0445749,0.360245,0.405067
0.0440697,0.360995,0.405158
0.0436011,0.361682,0.405311
0.0431813,0.362388,0.405429
0.0427617,0.363125,0.405502
0.0423423,0.363865,0.405615
0.0418694,0.36467,0.405637
0.0413935,0.365476,0.40555
0.0409864,0.366212,0.405583
0.0404825,0.367026,0.405737
0.0399512,0.367837,0.4059
0.0394966,0.36859,0.405944
0.0389467,0.36942,0.405983
0.0384467,0.370167,0.406103
0.0378795,0.370959,0.406092
0.0373824,0.371807,0.406071
0.0369379,0.372573,0.406167
0.0364217,0.373328,0.406321
0.0358875,0.374151,0.406507
0.0354515,0.374922,0.406641
0.0349468,0.375777,0.406789
0.0344409,0.376598,0.406851
0.0339791,0.377327,0.406781
0.0335277,0.378061,0.406805
0.0330088,0.378817,0.406985
0.0324679,0.379565,0.407187
0.0320376,0.380258,0.407311
0.0316648,0.380961,0.407426
0.031198,0.381691,0.407557
0.030726,0.382396,0.407683
0.0303585,0.38302,0.407729
0.0299885,0.383704,0.407824
0.0296354,0.384303,0.407931
0.0292556,0.384868,0.408098
0.0288735,0.385419,0.408287
0.0284826,0.386026,0.408428
0.0281284,0.386569,0.408571
0.0277688,0.387161,0.408751
0.0274836,0.387692,0.40891
0.0271481,0.38825,0.409076
0.0267971,0.388772,0.409199
0.0265388,0.389263,0.409267
0.0263086,0.389744,0.409356
0.0260705,0.390177,0.409458
0.0257644,0.390599,0.409586
0.0254308,0.391006,0.409757
0.02512,0.391434,0.409913
0.0248205,0.391866,0.410014
0.0245676,0.392253,0.410144
0.0243205,0.392635,0.410324
0.0240377,0.392984,0.410511
0.0237078,0.393358,0.41066
0.0234212,0.393724,0.410769
0.0230999,0.394153,0.410883
0.0227926,0.394556,0.410945
0.0224329,0.394998,0.410974
0.022128,0.395395,0.411009
0.0218266,0.395825,0.411051
0.0215395,0.396235,0.411072
0.021245,0.396633,0.41109
0.0209711,0.397005,0.411086
0.0206844,0.39739,0.41109
0.0204037,0.397786,0.411067
0.0201137,0.398254,0.411022
0.0198428,0.398688,0.41101
0.0195703,0.399127,0.411017
0.0192871,0.399624,0.410996
0.0190464,0.400166,0.410967
0.0188319,0.400673,0.410941
0.0186218,0.401183,0.410909
0.0184767,0.40154,0.410878
0.0181682,0.402242,0.410832
0.0179093,0.402766,0.410801
0.0176044,0.403374,0.41074
0.0173203,0.403949,0.41066
0.0170288,0.404546,0.410556
0.0166974,0.40525,0.410431
0.0163358,0.405994,0.410267
0.0161086,0.406483,0.410163
0.0156237,0.407483,0.40994
0.0152054,0.408288,0.40978
0.0148333,0.409052,0.409674
0.0144284,0.40989,0.40962
0.0139847,0.410758,0.409628
0.0135375,0.411659,0.409635
0.0131615,0.412497,0.409661
0.0127822,0.413491,0.409747
0.012422,0.414519,0.409834
0.0121212,0.41557,0.409943
0.0118653,0.416539,0.410097
0.011621,0.417642,0.410306
0.011445,0.41863,0.410496
0.0112834,0.419699,0.410781
0.0111299,0.420784,0.411168
0.0109901,0.421787,0.411578
0.0108702,0.422915,0.412084
0.0108237,0.424067,0.412612
0.0108367,0.425251,0.413195
0.0108346,0.426443,0.413843
0.010803,0.427508,0.41445
0.0107803,0.428699,0.415134
0.010813,0.429691,0.415638
0.010875,0.431007,0.416338
0.0108906,0.432101,0.417036
0.0108619,0.433191,0.417864
0.0107815,0.43438,0.418791
0.0107303,0.435605,0.419706
0.0106963,0.436754,0.420579
0.0106168,0.438024,0.421512
0.0105119,0.439156,0.422311
0.010402,0.440268,0.423146
0.0102585,0.441506,0.424204
0.0100312,0.442634,0.425265
0.00976757,0.443757,0.426271
0.00951167,0.444903,0.427308
0.00923125,0.446216,0.42851
0.00897087,0.44741,0.429492
0.00865629,0.448727,0.430601
0.00836048,0.449966,0.43184
0.00805251,0.451343,0.433237
0.00776877,0.452575,0.434427
0.00745948,0.453799,0.435609
0.00719446,0.455024,0.436837
0.00691952,0.456361,0.438354
0.00659131,0.457704,0.440031
0.00627877,0.459053,0.441643
0.00603822,0.460301,0.443085
0.00582086,0.461689,0.444539
0.00557126,0.463374,0.446517
0.00535359,0.464676,0.448178
0.00510556,0.466087,0.449944
0.00486155,0.467387,0.451485
0.00465254,0.468852,0.45311
0.00449001,0.470221,0.454759
0.00428345,0.471587,0.456437
0.00407039,0.472959,0.458034
0.00389336,0.474507,0.45972
0.00383972,0.475931,0.461166
0.00378984,0.477545,0.462931
0.00371261,0.479197,0.464727
0.0036327,0.480818,0.466418
0.0035784,0.482298,0.467854
0.00355942,0.483797,0.469215
0.003517,0.485476,0.47086
0.00346113,0.487021,0.472403
0.0033891,0.488695,0.473993
0.00331715,0.490249,0.475325
0.00326968,0.491972,0.476635
0.0032606,0.493596,0.477947
0.00317611,0.495399,0.479394
0.00303042,0.496992,0.480619
0.00287072,0.49875,0.481914
0.00275595,0.500514,0.483099
0.00261048,0.502136,0.484246
0.00238777,0.503767,0.485477
0.00209415,0.505507,0.486695
0.00176132,0.50724,0.487793
0.00150602,0.508828,0.488719
0.00132016,0.51047,0.489766
0.00106405,0.512301,0.490958
0.000805602,0.513967,0.491969
0.000498108,0.51577,0.492997
0.000268776,0.517427,0.493757
6.04723e-05,0.519128,0.494683
-0.000169324,0.521034,0.495824
-0.000416906,0.522901,0.496807
-0.000687744,0.52458,0.497648
-0.000903314,0.526271,0.498393
-0.00108079,0.527981,0.499146
-0.00130472,0.529912,0.500152
-0.00149048,0.531648,0.501015
-0.00166418,0.533373,0.501772
-0.00188898,0.535277,0.502541
-0.00207651,0.537355,0.503388
-0.00226691,0.539295,0.504214
-0.00250725,0.541191,0.505029
-0.00274035,0.543043,0.505764
-0.00296183,0.544709,0.506328
-0.00317612,0.54637,0.506903
-0.00338814,0.548051,0.507596
-0.00362755,0.549891,0.508289
-0.00387605,0.551522,0.508889
-0.00415619,0.553307,0.509538
-0.00438378,0.555082,0.510072
-0.00462755,0.556866,0.510668
-0.00486892,0.558526,0.511314
-0.00510548,0.560134,0.511817
-0.00540185,0.561869,0.512305
-0.00569114,0.563456,0.512762
-0.00592827,0.565198,0.513162
-0.00616767,0.566963,0.51365
-0.00642971,0.568595,0.514164
-0.00668216,0.570364,0.514646
-0.00692655,0.57194,0.514996
-0.00722362,0.573678,0.515417
-0.00743167,0.57525,0.515778
-0.00763889,0.57699,0.516197
-0.00796133,0.578717,0.516715
-0.00828356,0.5804,0.517156
-0.00856341,0.581897,0.517456
-0.00891192,0.583546,0.517795
-0.00918357,0.585049,0.518063
-0.00943595,0.586721,0.518411
-0.00972427,0.588243,0.518792
-0.0100704,0.589913,0.519196
-0.0103994,0.591543,0.519522
-0.0107046,0.593179,0.519787
-0.0109785,0.59467,0.520036
-0.0112509,0.596149,0.520303
-0.0115828,0.597773,0.520677
-0.0119476,0.599226,0.521008
-0.0123593,0.600802,0.521318
-0.0127139,0.602396,0.521562
-0.0130344,0.60385,0.52174
-0.0133669,0.60544,0.521921
-0.0136928,0.606897,0.522185
-0.0140538,0.608353,0.522498
-0.014475,0.609917,0.522791
-0.0148843,0.611474,0.523051
-0.0152482,0.613058,0.523286
-0.0155996,0.614628,0.523456
-0.0160214,0.616166,0.523736
-0.0164877,0.617709,0.524123
-0.0169517,0.61923,0.524455
-0.0174083,0.620749,0.524737
-0.0178185,0.622144,0.524971
-0.0182452,0.623678,0.525177
-0.01864,0.625057,0.525377
-0.01915,0.626579,0.525733
-0.0196827,0.628097,0.526127
-0.0201811,0.629585,0.526433
-0.0206509,0.630943,0.526693
-0.0211305,0.632317,0.526966
-0.0215861,0.633662,0.527216
-0.0221436,0.635121,0.527564
-0.0227828,0.636585,0.528037
-0.0233728,0.638029,0.528451
-0.0239198,0.639486,0.528803
-0.0245168,0.640952,0.529158
-0.0250441,0.642288,0.529463
-0.0255378,0.643491,0.529785
-0.026371,0.645379,0.530353
-0.0269668,0.646705,0.530741
-0.0275932,0.648176,0.531112
-0.0282203,0.649651,0.531461
-0.0288152,0.650989,0.531826
-0.0295497,0.652462,0.532317
-0.0302298,0.653783,0.532704
-0.0309033,0.655089,0.533048
-0.0315876,0.65641,0.533411
-0.0323063,0.65788,0.533779
-0.0329858,0.659216,0.534147
-0.0338157,0.660718,0.534601
-0.0346406,0.66222,0.535012
-0.0354367,0.663743,0.535324
-0.0361703,0.665151,0.535605
-0.0369029,0.666554,0.535934
-0.0377578,0.668106,0.536373
-0.038567,0.669532,0.536737
-0.0392091,0.670655,0.537008
-0.040309,0.672662,0.537406
-0.0410421,0.674101,0.537674
-0.0418894,0.675683,0.538073
-0.0427797,0.677259,0.538561
-0.043616,0.678807,0.538994
-0.0443309,0.680235,0.539351
-0.0451043,0.681824,0.53975
-0.0458069,0.683267,0.540168
-0.046634,0.684835,0.540667
-0.0474524,0.68636,0.541118
-0.0482619,0.687867,0.541548
-0.0490269,0.689378,0.541959
-0.0498075,0.690876,0.542427
-0.0505838,0.692234,0.542888
-0.0513716,0.693553,0.543304
-0.0521324,0.694847,0.54368
-0.0529561,0.696275,0.544079
-0.0535468,0.697323,0.544396
-0.0546389,0.699198,0.545056
-0.0555048,0.700659,0.545551
-0.0563624,0.702097,0.545977
-0.0571648,0.703416,0.54631
-0.0579404,0.704729,0.546646
-0.0587958,0.706183,0.547088
-0.059589,0.707512,0.547489
-0.0604397,0.70896,0.547886
-0.0612943,0.710372,0.548245
-0.0621257,0.711766,0.548647
-0.0629255,0.713152,0.549069
-0.0637848,0.714561,0.54949
-0.0645569,0.715838,0.549854
-0.065373,0.717221,0.550234
-0.0660921,0.718498,0.550538
-0.0667915,0.719779,0.550775
-0.0676217,0.72117,0.551094
-0.0684063,0.722429,0.551493
-0.069137,0.723677,0.55187
-0.0699924,0.725273,0.55223
-0.0706621,0.726502,0.55249
-0.0713728,0.727716,0.552784
-0.0721781,0.729036,0.553141
-0.0729214,0.730244,0.55342
-0.0736264,0.731475,0.553636
-0.0743325,0.732839,0.553857
-0.0750293,0.734188,0.5541
-0.0756794,0.735399,0.554352
-0.0763773,0.736715,0.554576
-0.0770698,0.738026,0.554787
-0.0777136,0.739229,0.555015
-0.0784086,0.740559,0.555264
-0.0789561,0.741759,0.555439
-0.0795405,0.743046,0.555647
-0.0800988,0.744207,0.555856
-0.0806599,0.745378,0.556046
-0.0812313,0.746661,0.556214
-0.0817548,0.747969,0.5564
-0.0822207,0.749147,0.556613
-0.0827296,0.750305,0.556826
-0.0832924,0.751578,0.556984
-0.0837636,0.752716,0.55707
-0.0842139,0.753852,0.557188
-0.0846963,0.755087,0.557346
-0.085153,0.756201,0.557473
-0.0856513,0.75742,0.55759
-0.0861138,0.758619,0.557711
-0.0866914,0.760101,0.557933
-0.0871052,0.761175,0.558116
-0.0875813,0.762354,0.558326
-0.0880378,0.763519,0.558549
-0.0884158,0.764543,0.558732
-0.0888102,0.765639,0.558914
-0.0891862,0.766666,0.559073
-0.0895885,0.767687,0.559271
-0.0899897,0.768787,0.55948
-0.0903213,0.769895,0.559627
-0.0906341,0.770898,0.559728
-0.0909578,0.771908,0.559848
-0.0912937,0.773004,0.560012
-0.0915827,0.774081,0.560189
-0.0918518,0.775144,0.560337
-0.0921373,0.776213,0.560502
-0.0924229,0.777255,0.560666
-0.0926439,0.778182,0.560816
-0.0928284,0.779088,0.560947
-0.0930506,0.780058,0.561103
-0.0932894,0.780998,0.561252
-0.0935314,0.781911,0.561388
-0.0937538,0.782782,0.561502
-0.0939587,0.783608,0.56163
-0.0941275,0.784312,0.561754
-0.0943288,0.785054,0.56188
-0.09455,0.785786,0.561966
-0.0947781,0.786437,0.562026
-0.0950274,0.787132,0.562064
-0.0952762,0.787793,0.562073
-0.0955134,0.788417,0.562071
-0.0957543,0.788991,0.562079
-0.0959859,0.789492,0.562061
-0.0962694,0.79003,0.562002
-0.0965251,0.790511,0.561917
-0.0967905,0.791027,0.561804
-0.0970614,0.791509,0.561699
-0.0973024,0.791922,0.5616
-0.097579,0.792361,0.561498
-0.0978497,0.792764,0.561386
-0.0981661,0.793208,0.561238
-0.0984669,0.793642,0.56107
-0.0987205,0.794027,0.560926
-0.098949,0.794394,0.560798
-0.0991597,0.794756,0.560674
-0.0993991,0.795145,0.560537
-0.0996098,0.79549,0.560384
-0.0998158,0.795819,0.560222
-0.100028,0.796161,0.560044
-0.100206,0.796479,0.559887
-0.100335,0.796739,0.559758
-0.100443,0.796983,0.559642
-0.10052,0.79718,0.559542
-0.100581,0.79735,0.559447
-0.10063,0.797512,0.559351
-0.100673,0.797666,0.559262
-0.100691,0.797812,0.559192
-0.100684,0.797937,0.559151
-0.100662,0.798045,0.55913
-0.100623,0.798147,0.559134
-0.100579,0.79824,0.559152
-0.100537,0.798325,0.559171
-0.100496,0.798402,0.559196
-0.100405,0.798532,0.559263
-0.100319,0.798633,0.559333
-0.100228,0.798731,0.559407
-0.100123,0.798831,0.559498
-0.100031,0.798913,0.55958
-0.0999441,0.798984,0.559664
-0.0998642,0.799046,0.55975
-0.0998003,0.799087,0.559833
-0.0997421,0.799115,0.55992
-0.0996952,0.799117,0.560001
-0.0996604,0.799098,0.560079
-0.0996312,0.799065,0.560152
-0.0996057,0.799011,0.560233
-0.099584,0.798962,0.560297
-0.0995458,0.798878,0.560384
-0.0995241,0.798801,0.560446
-0.0995049,0.798712,0.560492
-0.0994822,0.798614,0.560528
-0.0994522,0.798515,0.560558
-0.0994216,0.798425,0.560582
-0.0993992,0.798313,0.560602
-0.0993867,0.798202,0.56062
-0.0993891,0.798093,0.560633
-0.0993979,0.797996,0.560645
-0.0994073,0.797897,0.560645
-0.099416,0.79781,0.560649
-0.0994279,0.797735,0.560654
-0.0994402,0.797662,0.560658
-0.0994496,0.797602,0.560664
-0.0994618,0.79754,0.560666
-0.0994765,0.797487,0.560663
-0.0994989,0.797421,0.560664
-0.0995198,0.797362,0.560663
-0.0995409,0.797301,0.560658
-0.0995626,0.797239,0.560656
-0.099584,0.797185,0.560652
-0.0996056,0.797121,0.560638
-0.099622,0.797074,0.560629
-0.0996391,0.797017,0.56063
-0.0996565,0.796967,0.560622
-0.0996684,0.796931,0.560618
-0.0996838,0.796892,0.560612
-0.0996958,0.796859,0.560613
-0.0997079,0.796826,0.560605
-0.0997174,0.796803,0.560606
-0.099725,0.796779,0.560606
-0.0997297,0.796767,0.560604
-0.0997359,0.796755,0.560606
-0.0997394,0.796745,0.560601
-0.0997411,0.796746,0.560607
-0.0997412,0.796745,0.560609
-0.0997405,0.796746,0.560614
-0.0997415,0.796746,0.560613
-0.0997441,0.796744,0.560612
-0.0997425,0.796744,0.560611
-0.0997412,0.796746,0.560613
-0.0997427,0.796744,0.560616
-0.0997428,0.796745,0.560615
-0.0997431,0.796743,0.560612
-0.0997424,0.796745,0.560612
-0.099744,0.796745,0.560616
-0.0997439,0.796745,0.560617
-0.0997446,0.796743,0.560619
-0.0997448,0.796744,0.560621
-0.0997454,0.796744,0.560619
-0.0997468,0.79674,0.560623
-0.0997449,0.796746,0.560619
-0.0997443,0.796746,0.560622
-0.0997466,0.796743,0.560622
-0.0997448,0.796747,0.560623
-0.0997467,0.796743,0.560622
-0.0997445,0.796744,0.560623
-0.0997467,0.796742,0.560624
-0.0997468,0.796745,0.560622
-0.0997461,0.796745,0.560623
-0.0997471,0.796744,0.560623
-0.0997487,0.796743,0.560627
-0.0997489,0.796742,0.560628
-0.0997487,0.796742,0.560626
-0.0997494,0.796745,0.56063
-0.0997493,0.796744,0.560628
-0.0997505,0.79674,0.560629
-0.0997502,0.796741,0.560629
-0.0997494,0.796741,0.560628
-0.0997498,0.796742,0.560628
-0.0997489,0.796744,0.560631
-0.0997481,0.796742,0.560629
-0.0997511,0.796742,0.560632
-0.099751,0.796743,0.560633
-0.0997506,0.796743,0.560632
-0.0997516,0.796743,0.560635
-0.0997504,0.796746,0.560634
-0.0997528,0.796741,0.560636
-0.0997529,0.79674,0.560633
-0.0997524,0.796745,0.560635
-0.0997516,0.796742,0.560633
-0.0997519,0.796742,0.560635
-0.0997516,0.796744,0.560634
-0.0997517,0.796744,0.560635
-0.0997505,0.796742,0.560637
-0.0997522,0.796743,0.560633
-0.0997526,0.796743,0.560636
-0.0997527,0.796738,0.560635
-0.0997531,0.796742,0.560638
-0.0997541,0.79674,0.560636
-0.0997531,0.796744,0.560639
-0.0997533,0.796743,0.560639
-0.0997525,0.796742,0.560636
-0.0997543,0.796741,0.560639
-0.0997535,0.796741,0.560639
-0.099753,0.796741,0.560637
-0.0997533,0.796742,0.560639
-0.0997533,0.796741,0.56064
-0.0997521,0.796744,0.560637
-0.0997541,0.796741,0.560639
-0.0997545,0.796741,0.560639
-0.0997553,0.79674,0.56064
-0.0997551,0.796742,0.56064
-0.0997543,0.796742,0.560638
-0.0997543,0.796741,0.560642
-0.0997535,0.796742,0.560638
-0.0997544,0.796741,0.560641
-0.0997562,0.796741,0.56064
-0.0997558,0.796742,0.560644
-0.0997568,0.796738,0.56064
-0.0997565,0.796739,0.560642
-0.099756,0.796742,0.560644
-0.0997563,0.796742,0.560645
-0.0997575,0.79674,0.560642
-0.0997551,0.796742,0.560642
-0.0997563,0.796741,0.560642
-0.0997565,0.796739,0.56064
-0.099756,0.796741,0.560642
-0.0997566,0.79674,0.560641
-0.0997571,0.796739,0.560642
-0.099757,0.79674,0.560641
-0.0997577,0.796741,0.560644
-0.0997582,0.796739,0.560643
-0.0997563,0.796739,0.560644
-0.0997568,0.79674,0.560645
-0.0997574,0.796741,0.560646
-0.0997565,0.796742,0.560644
-0.0997559,0.796743,0.560644
-0.0997571,0.79674,0.560647
-0.0997572,0.796742,0.560645
-0.099757,0.796742,0.560644
-0.0997579,0.796738,0.560645
-0.0997573,0.79674,0.560641
-0.099757,0.796741,0.560648
-0.0997567,0.796741,0.560646
-0.0997556,0.796743,0.560644
-0.099756,0.796741,0.560646
-0.0997578,0.796742,0.560646
-0.0997576,0.796738,0.560646
-0.0997562,0.796742,0.560645
-0.0997577,0.796738,0.560643
-0.0997568,0.79674,0.560644
-0.0997573,0.796739,0.560649
-0.0997578,0.796741,0.560645
-0.099759,0.79674,0.560648
-0.0997574,0.796741,0.560648
-0.0997598,0.796741,0.560648
-0.0997573,0.79674,0.560646
-0.0997574,0.79674,0.560647
-0.0997581,0.796739,0.560646
-0.099758,0.796741,0.560651
-0.0997593,0.796739,0.560646
-0.0997601,0.796737,0.560648
-0.0997592,0.796738,0.560645
-0.0997588,0.79674,0.560646
-0.0997586,0.796739,0.560646
-0.0997589,0.796738,0.560649
-0.0997594,0.79674,0.560648
-0.0997596,0.796739,0.560649
-0.09976,0.796738,0.56065
-0.0997583,0.796742,0.560652
-0.0997602,0.796739,0.56065
-0.0997591,0.79674,0.56065
-0.0997595,0.79674,0.560655
-0.0997609,0.796738,0.560649
-0.0997605,0.79674,0.56065
-0.099759,0.796742,0.56065
-0.0997591,0.796738,0.56065
-0.0997582,0.79674,0.560648
-0.0997591,0.796737,0.560649
-0.0997614,0.796737,0.560651
-0.0997598,0.796738,0.560653
-0.0997608,0.79674,0.560652
-0.0997599,0.796739,0.56065
-0.0997591,0.796742,0.560651
-0.0997603,0.796738,0.560651
-0.0997609,0.796736,0.56065
-0.09976,0.796739,0.56065
-0.099759,0.796741,0.560652
-0.0997595,0.796743,0.560651
-0.0997607,0.796739,0.560653
-0.0997611,0.796739,0.560652
-0.0997615,0.796737,0.560652
-0.0997618,0.796737,0.560651
-0.0997607,0.796739,0.560651
-0.0997613,0.796737,0.560651
-0.09976,0.796739,0.560651
-0.0997599,0.796739,0.560652
-0.0997614,0.796736,0.560652
-0.0997624,0.796738,0.560655
-0.0997613,0.796737,0.560651
-0.0997607,0.796738,0.560652
-0.0997616,0.79674,0.560652
-0.099762,0.796738,0.560651
-0.0997623,0.796736,0.560652
-0.0997615,0.79674,0.560653
-0.0997607,0.796739,0.560653
-0.0997606,0.79674,0.560653
-0.0997606,0.796741,0.560652
-0.0997621,0.796737,0.560651
-0.0997603,0.79674,0.560655
-0.0997625,0.796739,0.560653
-0.0997614,0.796739,0.560654
-0.0997629,0.796739,0.560653
-0.0997634,0.796737,0.560655
-0.0997619,0.796736,0.560654
-0.0997625,0.796736,0.560656
-0.0997617,0.796739,0.560654
-0.0997615,0.796739,0.560654
-0.0997623,0.796739,0.560655
-0.0997617,0.796737,0.560654
-0.0997631,0.796738,0.560656
-0.0997629,0.796734,0.560658
-0.0997614,0.796738,0.560655
-0.0997631,0.796739,0.560653
-0.0997628,0.796738,0.560655
-0.0997647,0.796739,0.560659
-0.099764,0.79674,0.560658
-0.0997648,0.796737,0.560662
-0.099765,0.796735,0.56066
-0.0997637,0.796735,0.560655
-0.0997632,0.796738,0.560652
-0.099763,0.796739,0.560652
-0.0997633,0.796735,0.560654
-0.099766,0.796735,0.560657
-0.0997679,0.796734,0.560659
-0.0997689,0.796734,0.560664
-0.0997688,0.796734,0.560667
-0.0997699,0.796734,0.560667
-0.0997683,0.796737,0.560668
-0.0997669,0.796738,0.56066
-0.0997654,0.796736,0.560655
-0.0997652,0.79674,0.560658
-0.0997651,0.796739,0.560658
-0.0997686,0.796738,0.560664
-0.0997692,0.796738,0.560667
-0.0997705,0.796737,0.560667
-0.0997728,0.796736,0.560672
-0.099773,0.796737,0.560673
-0.0997726,0.796735,0.560674
-0.0997734,0.796734,0.560671
-0.0997705,0.796735,0.560666
-0.0997701,0.796734,0.560665
-0.099771,0.796736,0.560669
-0.09977,0.796744,0.560668
-0.0997697,0.796743,0.560671
-0.099767,0.796747,0.560668
-0.0997652,0.796753,0.560665
-0.0997643,0.796751,0.560665
-0.0997672,0.796743,0.560659
-0.0997689,0.796739,0.560658
-0.0997711,0.796738,0.560665
-0.0997714,0.796735,0.560669
-0.0997686,0.796741,0.560671
-0.0997682,0.796743,0.560666
-0.0997698,0.79674,0.560669
-0.099769,0.796743,0.560671
-0.0997687,0.796742,0.560665
-0.0997689,0.796741,0.560662
-0.0997682,0.796741,0.560662
-0.0997667,0.796746,0.560664
-0.099769,0.796743,0.560666
-0.0997666,0.796748,0.560668
-0.0997651,0.796751,0.560666
-0.0997684,0.796744,0.560666
-0.0997687,0.79674,0.560666
-0.0997686,0.79674,0.560669
-0.0997699,0.796738,0.560662
-0.099771,0.79674,0.560665
-0.0997691,0.796741,0.560667
-0.0997682,0.796743,0.560666
-0.0997669,0.796746,0.560664
-0.099769,0.796741,0.560666
-0.0997687,0.79674,0.560665
-0.0997683,0.796743,0.560666
-0.0997689,0.796741,0.560666
-0.0997676,0.796744,0.560667
-0.0997688,0.796742,0.560666
-0.0997687,0.796744,0.560667
-0.0997674,0.796744,0.560665
-0.0997679,0.796744,0.560668
-0.0997706,0.79674,0.560667
-0.0997683,0.796741,0.560664
-0.0997688,0.796743,0.560666
-0.0997668,0.796742,0.560665
-0.0997684,0.796742,0.560664
-0.0997681,0.796743,0.560664
-0.0997686,0.796742,0.560667
-0.0997689,0.796743,0.560665
-0.0997693,0.796741,0.560664
-0.099768,0.796742,0.560665
-0.0997688,0.796741,0.560664
-0.099769,0.796742,0.560667
-0.0997693,0.796742,0.56067
-0.099767,0.796744,0.560666
-0.0997679,0.796743,0.560666
-0.0997685,0.796741,0.560661
-0.0997697,0.796739,0.560663
-0.0997698,0.796739,0.560664
-0.0997694,0.796741,0.560664
-0.0997703,0.796741,0.560669
-0.0997695,0.796742,0.560669
-0.0997701,0.796741,0.56067
-0.0997693,0.796743,0.560668
-0.0997671,0.796744,0.560665
-0.0997681,0.796741,0.560665
-0.0997683,0.796742,0.560661
-0.0997696,0.796742,0.560666
-0.0997677,0.796742,0.560663
-0.0997689,0.796743,0.560667
-0.0997691,0.796744,0.560667
-0.099769,0.79674,0.56067
-0.0997688,0.79674,0.560668
-0.0997685,0.796739,0.560666
-0.0997697,0.796739,0.560665
-0.0997676,0.796742,0.560665
-0.0997694,0.796741,0.560665
-0.0997675,0.796743,0.560666
-0.0997682,0.796742,0.560667
-0.0997689,0.796741,0.560667
-0.0997688,0.796743,0.560667
-0.0997669,0.796745,0.560665
-0.0997692,0.796742,0.560667
-0.0997685,0.79674,0.560665
-0.099767,0.796742,0.560664
-0.0997685,0.796743,0.560669
-0.0997691,0.79674,0.560666
-0.0997687,0.796741,0.560666
-0.0997678,0.796742,0.560666
-0.0997678,0.796742,0.560665
-0.0997684,0.796741,0.560665
-0.099769,0.796745,0.560666
-0.0997686,0.796742,0.560663
-0.0997667,0.796745,0.560669
-0.0997684,0.796746,0.560669
-0.09977,0.796743,0.560666
-0.0997685,0.796742,0.560664
-0.0997688,0.796742,0.560666
-0.099769,0.796742,0.560662
-0.0997672,0.796745,0.560666
-0.0997684,0.796741,0.560665
-0.0997694,0.796741,0.560665
-0.0997693,0.796741,0.560668
-0.0997682,0.796742,0.560665
-0.0997684,0.796743,0.560666
-0.0997693,0.796741,0.560665
-0.0997685,0.796743,0.560665
-0.0997682,0.796743,0.560668
-0.0997684,0.79674,0.560663
-0.099768,0.796742,0.560665
-0.099769,0.796742,0.560668
-0.0997685,0.796742,0.56067
-0.0997695,0.796741,0.560667
-0.099769,0.796743,0.560666
-0.099768,0.796743,0.560665
-0.0997686,0.796742,0.560666
-0.0997695,0.796743,0.560665
-0.0997676,0.796743,0.560665
-0.0997698,0.796741,0.560667
-0.0997684,0.796743,0.560666
-0.0997665,0.796743,0.560662
-0.0997678,0.796742,0.560668
-0.0997677,0.796743,0.560665
-0.0997685,0.796743,0.560665
-0.0997661,0.796746,0.560667
-0.0997682,0.796743,0.560666
-0.0997697,0.796742,0.560667
-0.0997676,0.796744,0.560666
-0.0997685,0.796742,0.560666
-0.0997694,0.796743,0.560668
-0.0997685,0.796743,0.560666
-0.0997692,0.796742,0.560666
-0.0997684,0.796745,0.560668
-0.0997686,0.796743,0.560667
-0.0997669,0.796743,0.560666
-0.0997692,0.796741,0.560665
-0.0997683,0.796743,0.56067
-0.0997669,0.796745,0.560664
-0.0997698,0.796742,0.560666
-0.0997675,0.796742,0.560663
-0.0997684,0.796742,0.560667
-0.0997667,0.796744,0.560666
-0.0997674,0.796743,0.560665
-0.0997688,0.796744,0.560666
-0.099769,0.796743,0.560664
-0.0997677,0.796742,0.560666
-0.099767,0.796744,0.560666
-0.0997685,0.796744,0.560667
-0.0997692,0.796742,0.560668
-0.0997697,0.796739,0.560665
-0.0997697,0.796741,0.560665
-0.0997696,0.796741,0.560668
-0.0997677,0.796743,0.560664
-0.0997684,0.796741,0.560665
-0.0997676,0.796744,0.560666
-0.0997679,0.796743,0.560665
-0.0997673,0.796742,0.560664
-0.0997675,0.796742,0.560668
-0.0997675,0.796743,0.560666
-0.0997671,0.796744,0.560664
-0.0997689,0.796743,0.560668
-0.0997694,0.796742,0.560666
-0.0997689,0.79674,0.560669
-0.0997684,0.796741,0.560665
-0.0997674,0.796742,0.560664
-0.0997691,0.796742,0.560666
-0.0997685,0.796743,0.560666
-0.0997675,0.796742,0.560666
-0.0997694,0.796742,0.560669
-0.099769,0.796739,0.560664
-0.0997689,0.796741,0.560666
-0.09977,0.796742,0.560666
-0.0997676,0.796744,0.560665
-0.0997685,0.796741,0.560668
-0.0997659,0.796747,0.560667
-0.0997695,0.796742,0.560666
-0.0997672,0.796743,0.560667
-0.0997679,0.796743,0.560666
-0.0997671,0.796745,0.560664
-0.0997686,0.796742,0.560666
-0.0997683,0.796743,0.560667
-0.0997686,0.796742,0.560667
-0.0997693,0.796743,0.560669
-0.0997682,0.796741,0.560667
-0.0997702,0.79674,0.560669
-0.0997684,0.796742,0.560666
-0.0997683,0.796743,0.560665
-0.0997691,0.796742,0.560666
-0.099769,0.796741,0.560667
-0.0997691,0.79674,0.560667
-0.0997677,0.796743,0.560665
-0.0997685,0.796741,0.560667
-0.0997697,0.796742,0.560665
-0.0997684,0.796744,0.560663
-0.0997689,0.796742,0.560667
-0.0997677,0.796745,0.560667
-0.0997669,0.796745,0.560666
-0.0997686,0.796742,0.560665
-0.0997692,0.796742,0.560664
-0.0997678,0.796742,0.560666
-0.0997698,0.796742,0.560666
-0.099768,0.796742,0.560665
-0.0997689,0.796742,0.560668
-0.0997672,0.796744,0.560666
-0.0997692,0.796741,0.560666
-0.0997701,0.796742,0.560667
-0.0997677,0.796741,0.560666
-0.0997673,0.796745,0.560666
-0.0997679,0.796743,0.560666
-0.0997691,0.796742,0.560666
-0.0997696,0.796741,0.560668
-0.0997692,0.796744,0.560667
-0.0997679,0.796742,0.560664
-0.0997687,0.796741,0.560668
-0.0997679,0.796743,0.560667
-0.0997695,0.796743,0.560665
-0.0997688,0.796742,0.560664
-0.0997684,0.796743,0.560665
-0.0997686,0.796742,0.560667
-0.0997706,0.796741,0.560668
-0.099768,0.796744,0.560667
-0.0997668,0.796744,0.560665
-0.0997685,0.796741,0.560664
-0.0997691,0.796743,0.560665
-0.099768,0.796743,0.560665
-0.0997684,0.796743,0.560664
-0.0997685,0.796741,0.560668
-0.0997697,0.796741,0.560666
-0.0997699,0.796741,0.56067
-0.0997679,0.796741,0.560664
-0.0997686,0.796743,0.560666
-0.0997691,0.796739,0.560667
-0.099767,0.796744,0.560665
-0.0997674,0.796745,0.560667
-0.0997696,0.796742,0.560668
-0.0997676,0.796743,0.560666
-0.0997691,0.796742,0.560668
-0.099768,0.796742,0.560665
-0.0997669,0.796744,0.560666
-0.0997677,0.796743,0.560665
-0.0997699,0.79674,0.560667
-0.0997676,0.796744,0.560664
-0.0997676,0.796742,0.560666
-0.0997688,0.796741,0.560669
-0.0997688,0.796739,0.560666
-0.0997686,0.796741,0.560667
-0.0997687,0.796742,0.560667
-0.0997682,0.796742,0.560666
-0.0997701,0.79674,0.560668
-0.0997687,0.796744,0.560667
-0.0997677,0.796744,0.560666
-0.0997683,0.796744,0.560668
-0.0997684,0.796743,0.560666
-0.0997674,0.796743,0.560666
-0.0997673,0.796743,0.560665
-0.0997693,0.796741,0.560665
-0.099768,0.796746,0.560668
-0.0997686,0.796742,0.560666
-0.0997688,0.796741,0.560666
-0.0997694,0.79674,0.560665
-0.0997689,0.796744,0.560666
-0.0997677,0.796742,0.560667
-0.0997687,0.796742,0.560667
-0.0997686,0.796743,0.560666
-0.0997687,0.796741,0.560667
-0.0997691,0.796743,0.560668
-0.0997684,0.796741,0.560668
-0.099768,0.796743,0.560665
-0.0997676,0.796744,0.560667
-0.0997695,0.796741,0.560668
-0.0997689,0.796741,0.560666
-0.0997677,0.796745,0.560664
-0.0997676,0.796745,0.560666
-0.099769,0.796743,0.560666
-0.0997682,0.796745,0.560667
-0.099769,0.79674,0.560667
-0.0997692,0.796743,0.560665
-0.0997695,0.796741,0.560668
-0.0997676,0.796743,0.560665
-0.0997689,0.796742,0.560668
-0.0997683,0.796742,0.560667
-0.0997703,0.79674,0.560666
-0.0997689,0.796741,0.560667
-0.0997683,0.796741,0.560665
-0.0997681,0.796741,0.560665
-0.0997679,0.796742,0.560667
-0.099768,0.796742,0.560666
-0.0997686,0.796743,0.560667
-0.0997692,0.79674,0.560667
-0.0997675,0.796743,0.560665
-0.0997677,0.796742,0.560666
-0.0997673,0.796745,0.560666
-0.0997672,0.796744,0.560666
-0.0997675,0.796742,0.560666
-0.0997672,0.796742,0.560663
-0.099769,0.796743,0.560667
-0.0997684,0.796742,0.560667
-0.0997678,0.796743,0.560667
-0.0997699,0.796742,0.560666
-0.0997701,0.796741,0.560666
-0.0997682,0.796742,0.560664
-0.0997684,0.796741,0.560667
-0.0997679,0.796742,0.560667
-0.0997691,0.796742,0.560666
-0.0997688,0.796742,0.560668
-0.0997691,0.796743,0.560666
-0.0997695,0.796742,0.560667
-0.0997684,0.796739,0.560666
-0.0997664,0.796745,0.560664
-0.0997688,0.796743,0.56067
-0.0997684,0.796742,0.560667
-0.0997687,0.796743,0.560664
-0.099768,0.796743,0.560664
-0.0997692,0.796741,0.560667
-0.0997673,0.796742,0.560666
-0.0997694,0.79674,0.560667
-0.0997684,0.796743,0.560661
-0.0997688,0.796743,0.560667
-0.099769,0.79674,0.560667
-0.0997677,0.796745,0.560667
-0.099768,0.796743,0.560666
-0.0997688,0.79674,0.560668
-0.0997679,0.796744,0.560668
-0.0997678,0.796743,0.560665
-0.0997681,0.796741,0.560666
-0.0997689,0.796741,0.560665
-0.0997682,0.796743,0.560666
-0.0997689,0.796742,0.560667
-0.0997693,0.796743,0.560668
-0.0997692,0.796742,0.560665
-0.0997685,0.796742,0.560666
-0.0997696,0.796742,0.560663
-0.0997678,0.796743,0.560666
-0.0997683,0.796743,0.560666
-0.0997687,0.796742,0.560664
-0.0997684,0.796743,0.560668
-0.0997662,0.796743,0.560666
-0.0997681,0.796741,0.560666
-0.0997686,0.796741,0.560664
-0.0997682,0.796744,0.560666
