-0.143005,0.950063,0.590432
-0.143005,0.950063,0.590432
-0.143005,0.950063,0.590432
-0.143005,0.950063,0.590432
-0.143005,0.950063,0.590432
-0.142964,0.949953,0.590458
-0.142964,0.949953,0.590458
-0.142964,0.949953,0.590458
-0.142964,0.949947,0.590458
-0.142964,0.949947,0.590458
-0.142964,0.949947,0.590458
-0.142926,0.949838,0.590483
-0.142926,0.949838,0.590483
-0.142926,0.949828,0.590483
-0.142926,0.949828,0.590483
-0.142926,0.949828,0.590483
-0.142926,0.949827,0.590483
-0.142926,0.949827,0.590483
-0.142889,0.949712,0.590507
-0.142889,0.949712,0.590507
-0.142889,0.949712,0.590507
-0.142889,0.94971,0.590507
-0.142889,0.94971,0.590507
-0.142889,0.94971,0.590507
-0.142855,0.949601,0.590529
-0.142855,0.949601,0.590529
-0.142855,0.949601,0.590529
-0.142855,0.949599,0.590529
-0.142855,0.949599,0.590529
-0.142855,0.949599,0.590529
-0.142822,0.949495,0.590551
-0.142822,0.949495,0.590551
-0.142822,0.949495,0.590551
-0.142822,0.949494,0.590551
-0.142822,0.949494,0.590551
-0.142822,0.949494,0.590551
-0.142791,0.949395,0.590571
-0.142791,0.949395,0.590571
-0.142791,0.949395,0.590571
-0.142791,0.949394,0.590571
-0.142791,0.949394,0.590571
-0.142791,0.949394,0.590571
-0.142761,0.9493,0.59059
-0.142761,0.9493,0.59059
-0.142761,0.9493,0.59059
-0.142761,0.949298,0.59059
-0.142761,0.949298,0.59059
-0.142733,0.949209,0.590609
-0.142733,0.949209,0.590609
-0.142733,0.949209,0.590609
-0.142733,0.949208,0.590609
-0.142733,0.949208,0.590609
-0.142733,0.949208,0.590609
-0.142706,0.949123,0.590626
-0.142706,0.949123,0.590626
-0.142706,0.949123,0.590626
-0.142706,0.949122,0.590626
-0.142706,0.949122,0.590626
-0.142706,0.949122,0.590626
-0.14268,0.949041,0.590643
-0.14268,0.949041,0.590643
-0.14268,0.949041,0.590643
-0.14268,0.94904,0.590643
-0.14268,0.94904,0.590643
-0.14268,0.94904,0.590643
-0.142656,0.948964,0.590658
-0.142656,0.948964,0.590658
-0.142656,0.948964,0.590658
-0.142656,0.948963,0.590659
-0.142656,0.948963,0.590659
-0.142633,0.94889,0.590673
-0.142633,0.94889,0.590673
-0.142633,0.94889,0.590673
-0.142633,0.94889,0.590673
-0.142633,0.948889,0.590674
-0.142633,0.948889,0.590674
-0.142633,0.948889,0.590674
-0.142611,0.94882,0.590688
-0.142611,0.94882,0.590688
-0.142611,0.94882,0.590688
-0.142611,0.948819,0.590688
-0.142611,0.948819,0.590688
-0.142611,0.948819,0.590688
-0.142591,0.948753,0.590701
-0.142591,0.948753,0.590701
-0.142591,0.948753,0.590701
-0.142591,0.948752,0.590702
-0.142591,0.948752,0.590702
-0.142591,0.948752,0.590702
-0.142571,0.94869,0.590714
-0.142571,0.94869,0.590714
-0.142571,0.94869,0.590714
-0.142571,0.948689,0.590715
-0.142552,0.94863,0.590726
-0.142552,0.94863,0.590726
-0.142552,0.94863,0.590726
-0.142552,0.94863,0.590726
-0.142552,0.94863,0.590726
-0.142552,0.94863,0.590726
-0.142534,0.948573,0.590738
-0.142534,0.948573,0.590738
-0.142534,0.948573,0.590738
-0.142534,0.948573,0.590738
-0.142534,0.948573,0.590738
-0.142534,0.948573,0.590738
-0.142517,0.948519,0.590749
-0.142517,0.948519,0.590749
-0.142517,0.948519,0.590749
-0.142517,0.948519,0.590749
-0.142517,0.948519,0.590749
-0.142501,0.948467,0.59076
-0.142501,0.948467,0.59076
-0.142501,0.948467,0.59076
-0.142501,0.948467,0.59076
-0.142501,0.948467,0.59076
-0.142501,0.948467,0.59076
-0.142486,0.948418,0.59077
-0.142486,0.948418,0.59077
-0.142486,0.948418,0.59077
-0.142486,0.948418,0.59077
-0.142486,0.948418,0.59077
-0.142472,0.948371,0.590779
-0.142472,0.948371,0.590779
-0.142472,0.948371,0.590779
-0.142472,0.948372,0.590779
-0.142458,0.948327,0.590788
-0.142458,0.948327,0.590788
-0.142458,0.948327,0.590788
-0.142458,0.948327,0.590788
-0.142458,0.948327,0.590788
-0.142458,0.948327,0.590788
-0.142445,0.948285,0.590797
-0.142445,0.948285,0.590797
-0.142445,0.948285,0.590797
-0.142445,0.948285,0.590797
-0.142445,0.948285,0.590797
-0.142432,0.948245,0.590805
-0.142432,0.948245,0.590805
-0.142432,0.948245,0.590805
-0.142432,0.948245,0.590805
-0.14242,0.948207,0.590813
-0.14242,0.948207,0.590813
-0.14242,0.948207,0.590813
-0.14242,0.948207,0.590813
-0.14242,0.948207,0.590813
-0.142409,0.948171,0.59082
-0.142409,0.948171,0.59082
-0.142409,0.948171,0.59082
-0.142409,0.948171,0.59082
-0.142409,0.948171,0.59082
-0.142409,0.948171,0.59082
-0.142399,0.948137,0.590827
-0.142399,0.948137,0.590827
-0.142399,0.948137,0.590827
-0.142399,0.948137,0.590827
-0.142399,0.948137,0.590827
-0.142399,0.948137,0.590827
-0.142388,0.948104,0.590834
-0.142388,0.948104,0.590834
-0.142388,0.948104,0.590834
-0.142388,0.948104,0.590834
-0.142388,0.948104,0.590834
-0.142388,0.948104,0.590834
-0.142379,0.948074,0.59084
-0.142379,0.948074,0.59084
-0.142379,0.948074,0.59084
-0.142379,0.948074,0.59084
-0.142379,0.948074,0.59084
-0.142379,0.948074,0.59084
-0.14237,0.948044,0.590846
-0.14237,0.948044,0.590846
-0.14237,0.948044,0.590846
-0.14237,0.948044,0.590846
-0.14237,0.948044,0.590846
-0.14237,0.948044,0.590846
-0.142361,0.948016,0.590852
-0.142361,0.948016,0.590852
-0.142361,0.948016,0.590852
-0.142361,0.948016,0.590852
-0.142361,0.948016,0.590852
-0.142361,0.948016,0.590852
-0.142353,0.94799,0.590858
-0.142353,0.94799,0.590858
-0.142353,0.94799,0.590858
-0.142353,0.94799,0.590857
-0.142353,0.94799,0.590857
-0.142353,0.94799,0.590857
-0.142345,0.947965,0.590863
-0.142345,0.947965,0.590863
-0.142345,0.947965,0.590863
-0.142345,0.947964,0.590862
-0.142345,0.947964,0.590862
-0.142345,0.947964,0.590862
-0.142338,0.947941,0.590868
-0.142338,0.947941,0.590868
-0.142338,0.947941,0.590868
-0.142338,0.947941,0.590867
-0.142338,0.947941,0.590867
-0.142338,0.947941,0.590867
-0.142331,0.947918,0.590872
-0.142331,0.947918,0.590872
-0.142331,0.947918,0.590872
-0.14233,0.947917,0.590872
-0.14233,0.947917,0.590872
-0.14233,0.947917,0.590872
-0.142324,0.947896,0.590877
-0.142324,0.947896,0.590877
-0.142324,0.947896,0.590877
-0.142324,0.947896,0.590877
-0.142318,0.947876,0.590881
-0.142318,0.947876,0.590881
-0.142318,0.947876,0.590881
-0.142318,0.947875,0.590881
-0.142318,0.947875,0.590881
-0.142311,0.947856,0.590885
-0.142311,0.947856,0.590885
-0.142311,0.947855,0.590884
-0.142311,0.947855,0.590884
-0.142305,0.947837,0.590888
-0.142305,0.947837,0.590888
-0.142305,0.947837,0.590888
-0.142305,0.947836,0.590888
-0.142305,0.947836,0.590888
-0.142305,0.947836,0.590888
-0.1423,0.947819,0.590892
-0.1423,0.947819,0.590892
-0.1423,0.947819,0.590892
-0.1423,0.947818,0.590892
-0.1423,0.947818,0.590892
-0.1423,0.947818,0.590892
-0.142294,0.947802,0.590894
-0.142294,0.947802,0.590894
-0.142294,0.947802,0.590894
-0.142292,0.9478,0.590892
-0.142292,0.9478,0.590892
-0.142292,0.9478,0.590892
-0.142286,0.947783,0.590894
-0.142286,0.947783,0.590894
-0.142286,0.947783,0.590894
-0.142284,0.947782,0.590892
-0.142284,0.947782,0.590892
-0.142284,0.947782,0.590892
-0.142279,0.947766,0.590894
-0.142279,0.947766,0.590894
-0.142279,0.947766,0.590894
-0.142277,0.947765,0.590892
-0.142277,0.947765,0.590892
-0.142272,0.94775,0.590893
-0.142272,0.94775,0.590893
-0.142272,0.94775,0.590893
-0.14227,0.947749,0.590892
-0.14227,0.947749,0.590892
-0.14227,0.947749,0.590892
-0.14227,0.947749,0.590892
-0.142265,0.947735,0.590893
-0.142265,0.947735,0.590893
-0.142265,0.947735,0.590893
-0.142264,0.947734,0.590892
-0.142264,0.947734,0.590892
-0.142264,0.947734,0.590892
-0.142259,0.947721,0.590893
-0.142259,0.947721,0.590893
-0.142259,0.947721,0.590893
-0.142257,0.947719,0.590892
-0.142257,0.947719,0.590892
-0.142257,0.947719,0.590892
-0.142253,0.947707,0.590893
-0.142253,0.947707,0.590893
-0.142253,0.947707,0.590893
-0.142251,0.947706,0.590891
-0.142251,0.947706,0.590891
-0.142251,0.947706,0.590891
-0.142247,0.947694,0.590893
-0.142247,0.947694,0.590893
-0.142245,0.947693,0.590891
-0.142245,0.947693,0.590891
-0.142245,0.947693,0.590891
-0.142241,0.947682,0.590892
-0.142241,0.947682,0.590892
-0.142241,0.947682,0.590892
-0.142239,0.947681,0.59089
-0.142239,0.947681,0.59089
-0.142234,0.94767,0.59089
-0.142234,0.94767,0.59089
-0.14223,0.94767,0.590886
-0.14223,0.94767,0.590886
-0.14223,0.94767,0.590886
-0.142223,0.947659,0.590882
-0.142223,0.947659,0.590882
-0.142223,0.947659,0.590882
-0.142217,0.947658,0.590875
-0.142217,0.947658,0.590875
-0.142204,0.947648,0.590865
-0.142204,0.947648,0.590865
-0.142192,0.947646,0.590851
-0.142192,0.947646,0.590851
-0.142192,0.947646,0.590851
-0.142174,0.947636,0.590835
-0.142174,0.947636,0.590835
-0.142174,0.947636,0.590835
-0.142153,0.947635,0.590811
-0.142153,0.947635,0.590811
-0.142153,0.947635,0.590811
-0.142125,0.947629,0.590782
-0.142125,0.947629,0.590782
-0.142125,0.947629,0.590782
-0.142094,0.94763,0.590744
-0.142094,0.94763,0.590744
-0.142056,0.947622,0.590701
-0.142056,0.947622,0.590701
-0.142056,0.947622,0.590701
-0.142018,0.947617,0.590654
-0.142018,0.947617,0.590654
-0.142018,0.947617,0.590654
-0.141972,0.947597,0.590602
-0.141972,0.947597,0.590602
-0.141923,0.947563,0.590538
-0.141923,0.947563,0.590538
-0.141923,0.947563,0.590538
-0.141862,0.947502,0.590467
-0.141862,0.947502,0.590467
-0.141862,0.947502,0.590467
-0.14179,0.947421,0.590382
-0.14179,0.947421,0.590382
-0.14179,0.947421,0.590382
-0.141694,0.947309,0.590286
-0.141694,0.947309,0.590286
-0.141694,0.947309,0.590286
-0.141578,0.947173,0.590173
-0.141578,0.947173,0.590173
-0.14143,0.947,0.590047
-0.14143,0.947,0.590047
-0.141272,0.946816,0.589916
-0.141081,0.946599,0.589774
-0.141081,0.946599,0.589774
-0.141058,0.94657,0.589764
-0.141058,0.94657,0.589764
-0.141058,0.94657,0.589764
-0.140673,0.946129,0.589477
-0.140673,0.946129,0.589477
-0.140673,0.946129,0.589477
-0.140577,0.946012,0.589419
-0.140577,0.946012,0.589419
-0.140577,0.946012,0.589419
-0.14014,0.945502,0.589098
-0.14014,0.945502,0.589098
-0.14014,0.945502,0.589098
-0.139967,0.945284,0.588988
-0.139967,0.945284,0.588988
-0.139967,0.945284,0.588988
-0.139498,0.94472,0.588641
-0.139498,0.94472,0.588641
-0.139498,0.94472,0.588641
-0.139241,0.944357,0.58845
-0.139241,0.944357,0.58845
-0.13872,0.943698,0.588043
-0.13872,0.943698,0.588043
-0.13872,0.943698,0.588043
-0.13872,0.943698,0.588043
-0.138428,0.943272,0.587808
-0.138428,0.943272,0.587808
-0.138428,0.943272,0.587808
-0.137857,0.942517,0.587333
-0.137857,0.942517,0.587333
-0.137503,0.941988,0.587022
-0.137503,0.941988,0.587022
-0.137503,0.941988,0.587022
-0.136879,0.941144,0.586477
-0.136879,0.941144,0.586477
-0.136879,0.941144,0.586477
-0.136466,0.940516,0.586085
-0.135825,0.939634,0.585502
-0.135825,0.939634,0.585502
-0.135825,0.939634,0.585502
-0.135776,0.939559,0.585434
-0.135776,0.939559,0.585434
-0.135776,0.939559,0.585434
-0.134727,0.938049,0.584439
-0.134727,0.938049,0.584439
-0.134727,0.938049,0.584439
-0.134615,0.937868,0.584278
-0.134615,0.937868,0.584278
-0.134615,0.937868,0.584278
-0.13355,0.936319,0.58323
-0.13355,0.936319,0.58323
-0.13355,0.936319,0.58323
-0.133377,0.936031,0.582977
-0.132295,0.934437,0.581878
-0.132245,0.93434,0.581807
-0.132245,0.93434,0.581807
-0.132057,0.934021,0.581535
-0.132057,0.934021,0.581535
-0.132057,0.934021,0.581535
-0.130935,0.932325,0.580367
-0.130935,0.932325,0.580367
-0.130935,0.932325,0.580367
-0.130686,0.931879,0.580033
-0.130686,0.931879,0.580033
-0.12954,0.930118,0.578851
-0.12954,0.930118,0.578851
-0.12954,0.930118,0.578851
-0.129252,0.929596,0.578494
-0.129252,0.929596,0.578494
-0.128105,0.927811,0.577327
-0.128105,0.927811,0.577327
-0.128105,0.927811,0.577327
-0.12775,0.92715,0.576921
-0.12775,0.92715,0.576921
-0.12775,0.92715,0.576921
-0.126609,0.92534,0.575765
-0.126609,0.92534,0.575765
-0.126609,0.92534,0.575765
-0.126158,0.924489,0.575282
-0.126158,0.924489,0.575282
-0.126158,0.924489,0.575282
-0.125013,0.922658,0.574143
-0.125013,0.922658,0.574143
-0.125013,0.922658,0.574143
-0.124492,0.921686,0.573624
-0.124492,0.921686,0.573624
-0.124492,0.921686,0.573624
-0.12331,0.919776,0.572484
-0.12331,0.919776,0.572484
-0.122713,0.918678,0.571928
-0.122713,0.918678,0.571928
-0.122713,0.918678,0.571928
-0.121506,0.916709,0.570787
-0.121506,0.916709,0.570787
-0.121506,0.916709,0.570787
-0.12088,0.915558,0.57021
-0.12088,0.915558,0.57021
-0.119651,0.91353,0.569058
-0.119651,0.91353,0.569058
-0.118972,0.912284,0.568442
-0.118972,0.912284,0.568442
-0.118972,0.912284,0.568442
-0.117756,0.910257,0.567307
-0.117756,0.910257,0.567307
-0.117756,0.910257,0.567307
-0.117036,0.908924,0.566646
-0.117036,0.908924,0.566646
-0.117036,0.908924,0.566646
-0.115811,0.906848,0.565489
-0.115811,0.906848,0.565489
-0.115811,0.906848,0.565489
-0.115049,0.905426,0.564774
-0.115049,0.905426,0.564774
-0.115049,0.905426,0.564774
-0.113838,0.90335,0.563624
-0.113035,0.901848,0.562853
-0.113035,0.901848,0.562853
-0.112991,0.901756,0.562798
-0.112991,0.901756,0.562798
-0.112991,0.901756,0.562798
-0.111023,0.898259,0.560915
-0.111023,0.898259,0.560915
-0.111023,0.898259,0.560915
-0.110904,0.898011,0.56078
-0.110904,0.898011,0.56078
-0.110904,0.898011,0.56078
-0.108981,0.894583,0.558934
-0.108981,0.894583,0.558934
-0.108981,0.894583,0.558934
-0.108791,0.89419,0.558721
-0.108791,0.89419,0.558721
-0.106856,0.890719,0.556866
-0.106856,0.890719,0.556866
-0.106856,0.890719,0.556866
-0.106618,0.890231,0.556611
-0.104718,0.886816,0.554798
-0.104718,0.886816,0.554798
-0.104655,0.886695,0.554756
-0.104655,0.886695,0.554756
-0.102561,0.882865,0.552748
-0.102561,0.882865,0.552748
-0.102439,0.882627,0.552661
-0.102439,0.882627,0.552661
-0.100388,0.87886,0.550706
-0.100388,0.87886,0.550706
-0.100213,0.878502,0.550577
-0.100213,0.878502,0.550577
-0.100213,0.878502,0.550577
-0.0982033,0.87479,0.54868
-0.0982033,0.87479,0.54868
-0.0982033,0.87479,0.54868
-0.0979529,0.87425,0.548485
-0.0979529,0.87425,0.548485
-0.0979529,0.87425,0.548485
-0.0959585,0.87051,0.546609
-0.0959585,0.87051,0.546609
-0.0959585,0.87051,0.546609
-0.0956651,0.869853,0.546383
-0.0956651,0.869853,0.546383
-0.0936694,0.865999,0.544508
-0.0936694,0.865999,0.544508
-0.0936694,0.865999,0.544508
-0.0933474,0.865239,0.544252
-0.0933474,0.865239,0.544252
-0.0933474,0.865239,0.544252
-0.0913731,0.861353,0.542412
-0.0913731,0.861353,0.542412
-0.0913731,0.861353,0.542412
-0.0910045,0.860408,0.542105
-0.0910045,0.860408,0.542105
-0.0910045,0.860408,0.542105
-0.0890643,0.856485,0.540297
-0.0890643,0.856485,0.540297
-0.0890643,0.856485,0.540297
-0.0886684,0.855438,0.539969
-0.0886684,0.855438,0.539969
-0.0867648,0.851484,0.538198
-0.0867648,0.851484,0.538198
-0.0867648,0.851484,0.538198
-0.0863377,0.850267,0.53783
-0.0863377,0.850267,0.53783
-0.0844759,0.846298,0.536097
-0.0844759,0.846298,0.536097
-0.0844759,0.846298,0.536097
-0.084034,0.844991,0.535716
-0.084034,0.844991,0.535716
-0.084034,0.844991,0.535716
-0.0822096,0.840992,0.534019
-0.0822096,0.840992,0.534019
-0.0822096,0.840992,0.534019
-0.0817618,0.839602,0.533623
-0.0817618,0.839602,0.533623
-0.0817618,0.839602,0.533623
-0.0799837,0.83559,0.531965
-0.0799837,0.83559,0.531965
-0.0795207,0.834056,0.531538
-0.0795207,0.834056,0.531538
-0.0795207,0.834056,0.531538
-0.0777934,0.830026,0.529917
-0.0777934,0.830026,0.529917
-0.0777934,0.830026,0.529917
-0.0773148,0.828347,0.529469
-0.0773148,0.828347,0.529469
-0.0773148,0.828347,0.529469
-0.0756448,0.82438,0.527903
-0.0756448,0.82438,0.527903
-0.0751536,0.822575,0.527432
-0.0751536,0.822575,0.527432
-0.0735382,0.818595,0.525895
-0.0735382,0.818595,0.525895
-0.0730548,0.816739,0.525422
-0.0730548,0.816739,0.525422
-0.0730548,0.816739,0.525422
-0.0715022,0.81283,0.523932
-0.0710263,0.810933,0.523447
-0.0710263,0.810933,0.523447
-0.0710137,0.810792,0.52341
-0.0690636,0.805134,0.521501
-0.0690636,0.805134,0.521501
-0.0690582,0.805081,0.521491
-0.0690582,0.805081,0.521491
-0.0690582,0.805081,0.521491
-0.0671714,0.799425,0.51961
-0.0671714,0.799425,0.51961
-0.0671714,0.799425,0.51961
-0.0671379,0.799165,0.519545
-0.0671379,0.799165,0.519545
-0.0671379,0.799165,0.519545
-0.0653158,0.793595,0.51771
-0.0653158,0.793595,0.51771
-0.0653158,0.793595,0.51771
-0.0652545,0.793146,0.5176
-0.0652545,0.793146,0.5176
-0.0652545,0.793146,0.5176
-0.0634879,0.787721,0.515822
-0.0634879,0.787721,0.515822
-0.0634879,0.787721,0.515822
-0.0633838,0.787091,0.515662
-0.0633838,0.787091,0.515662
-0.0633838,0.787091,0.515662
-0.0616525,0.781731,0.513918
-0.0616525,0.781731,0.513918
-0.0615035,0.780911,0.513694
-0.0615035,0.780911,0.513694
-0.0615035,0.780911,0.513694
-0.0598034,0.775624,0.511971
-0.0598034,0.775624,0.511971
-0.0596133,0.774646,0.511681
-0.0596133,0.774646,0.511681
-0.0596133,0.774646,0.511681
-0.0579605,0.769493,0.509988
-0.0579605,0.769493,0.509988
-0.0579605,0.769493,0.509988
-0.0577385,0.768368,0.509624
-0.0577385,0.768368,0.509624
-0.0561251,0.763275,0.507921
-0.0561251,0.763275,0.507921
-0.0558814,0.762074,0.507498
-0.0558814,0.762074,0.507498
-0.0558814,0.762074,0.507498
-0.0558692,0.762016,0.507467
-0.0558692,0.762016,0.507467
-0.0558692,0.762016,0.507467
-0.0540562,0.755858,0.50535
-0.0540562,0.755858,0.50535
-0.0540562,0.755858,0.50535
-0.0540057,0.755629,0.505212
-0.0540057,0.755629,0.505212
-0.0522478,0.749615,0.503093
-0.0522478,0.749615,0.503093
-0.0521675,0.749228,0.50285
-0.0521675,0.749228,0.50285
-0.0504738,0.743414,0.500762
-0.0504738,0.743414,0.500762
-0.0504738,0.743414,0.500762
-0.0503871,0.742931,0.500449
-0.0487654,0.737245,0.498347
-0.0487654,0.737245,0.498347
-0.0487654,0.737245,0.498347
-0.0487683,0.737186,0.498304
-0.0487683,0.737186,0.498304
-0.0487683,0.737186,0.498304
-0.0471568,0.731157,0.495871
-0.0471568,0.731157,0.495871
-0.0471954,0.730932,0.495688
-0.0471954,0.730932,0.495688
-0.0471954,0.730932,0.495688
-0.0456895,0.725093,0.493297
-0.0456895,0.725093,0.493297
-0.0457558,0.724765,0.493031
-0.0457558,0.724765,0.493031
-0.0457558,0.724765,0.493031
-0.0443727,0.719041,0.490636
-0.0443727,0.719041,0.490636
-0.0443727,0.719041,0.490636
-0.0444911,0.718545,0.490265
-0.0432298,0.71293,0.487884
-0.0432298,0.71293,0.487884
-0.0432298,0.71293,0.487884
-0.0432506,0.712863,0.487843
-0.0432506,0.712863,0.487843
-0.0432506,0.712863,0.487843
-0.0422005,0.706935,0.485158
-0.0422005,0.706935,0.485158
-0.0422005,0.706935,0.485158
-0.0422947,0.70662,0.484984
-0.0422947,0.70662,0.484984
-0.0413277,0.700855,0.482383
-0.0414665,0.700353,0.48213
-0.0414665,0.700353,0.48213
-0.0414878,0.700276,0.482105
-0.0414878,0.700276,0.482105
-0.0407273,0.694187,0.479355
-0.0407273,0.694187,0.479355
-0.0407273,0.694187,0.479355
-0.0407788,0.693965,0.479287
-0.0407788,0.693965,0.479287
-0.0400983,0.687974,0.47663
-0.0400983,0.687974,0.47663
-0.0400983,0.687974,0.47663
-0.0401709,0.687625,0.476526
-0.0401709,0.687625,0.476526
-0.0395608,0.681728,0.473969
-0.0395608,0.681728,0.473969
-0.0395608,0.681728,0.473969
-0.0396483,0.681265,0.473846
-0.0396483,0.681265,0.473846
-0.0396483,0.681265,0.473846
-0.0391,0.675462,0.471399
-0.0391,0.675462,0.471399
-0.0391986,0.674893,0.471259
-0.0391986,0.674893,0.471259
-0.0391986,0.674893,0.471259
-0.0386962,0.669205,0.468913
-0.0386962,0.669205,0.468913
-0.0386962,0.669205,0.468913
-0.0388062,0.668483,0.468753
-0.0388062,0.668483,0.468753
-0.0388062,0.668483,0.468753
-0.0383406,0.662907,0.466517
-0.0383406,0.662907,0.466517
-0.038453,0.662042,0.466346
-0.038453,0.662042,0.466346
-0.038453,0.662042,0.466346
-0.0384542,0.661987,0.466339
-0.0384542,0.661987,0.466339
-0.0381214,0.655699,0.464043
-0.0381214,0.655699,0.464043
-0.0381214,0.655699,0.464043
-0.0381256,0.655482,0.464021
-0.0381256,0.655482,0.464021
-0.0381256,0.655482,0.464021
-0.0378104,0.649352,0.461833
-0.0378104,0.649352,0.461833
-0.0378092,0.649052,0.461796
-0.0378092,0.649052,0.461796
-0.0378092,0.649052,0.461796
-0.0374962,0.643089,0.459704
-0.0374962,0.643089,0.459704
-0.0374962,0.643089,0.459704
-0.0374829,0.642675,0.459639
-0.0374829,0.642675,0.459639
-0.0371639,0.63689,0.45764
-0.0371639,0.63689,0.45764
-0.0371639,0.63689,0.45764
-0.0371336,0.636421,0.457559
-0.0368076,0.630815,0.455628
-0.0368076,0.630815,0.455628
-0.0368076,0.630815,0.455628
-0.0368007,0.630783,0.455617
-0.0368007,0.630783,0.455617
-0.0368007,0.630783,0.455617
-0.0364292,0.624919,0.453665
-0.0364292,0.624919,0.453665
-0.0363853,0.624792,0.453618
-0.0363853,0.624792,0.453618
-0.0363853,0.624792,0.453618
-0.0360071,0.619168,0.451734
-0.0360071,0.619168,0.451734
-0.0359287,0.618967,0.451634
-0.0359287,0.618967,0.451634
-0.0355411,0.613576,0.449809
-0.0355411,0.613576,0.449809
-0.0355411,0.613576,0.449809
-0.0354365,0.613339,0.449678
-0.0354365,0.613339,0.449678
-0.0350419,0.60817,0.447915
-0.0350419,0.60817,0.447915
-0.0348991,0.607878,0.447735
-0.0348991,0.607878,0.447735
-0.0348991,0.607878,0.447735
-0.0344918,0.602925,0.446029
-0.0344918,0.602925,0.446029
-0.0344918,0.602925,0.446029
-0.034301,0.602578,0.445808
-0.034301,0.602578,0.445808
-0.0338601,0.5978,0.444146
-0.0338601,0.5978,0.444146
-0.0338601,0.5978,0.444146
-0.0336396,0.597421,0.443909
-0.0331712,0.592834,0.442305
-0.0331712,0.592834,0.442305
-0.0331217,0.592783,0.442287
-0.0331217,0.592783,0.442287
-0.0324152,0.588014,0.44052
-0.0324152,0.588014,0.44052
-0.0323219,0.58792,0.440488
-0.0323219,0.58792,0.440488
-0.0323219,0.58792,0.440488
-0.0316016,0.583339,0.438807
-0.0316016,0.583339,0.438807
-0.0316016,0.583339,0.438807
-0.0314359,0.583172,0.438769
-0.0314359,0.583172,0.438769
-0.0314359,0.583172,0.438769
-0.0306763,0.578747,0.437171
-0.0306763,0.578747,0.437171
-0.0304664,0.57854,0.437138
-0.0304664,0.57854,0.437138
-0.0304664,0.57854,0.437138
-0.0296622,0.574259,0.435632
-0.0296622,0.574259,0.435632
-0.0293844,0.573993,0.435615
-0.0293844,0.573993,0.435615
-0.0285635,0.569878,0.434193
-0.0282421,0.569575,0.434191
-0.0282421,0.569575,0.434191
-0.0282421,0.569575,0.434191
-0.0282155,0.569554,0.434196
-0.0282155,0.569554,0.434196
-0.0282155,0.569554,0.434196
-0.0270411,0.565291,0.432867
-0.0270411,0.565291,0.432867
-0.0269588,0.565228,0.432894
-0.0269588,0.565228,0.432894
-0.0269588,0.565228,0.432894
-0.025753,0.561111,0.431668
-0.025753,0.561111,0.431668
-0.025753,0.561111,0.431668
-0.0255826,0.56099,0.431724
-0.0255826,0.56099,0.431724
-0.0255826,0.56099,0.431724
-0.0243425,0.557017,0.430592
-0.0243425,0.557017,0.430592
-0.0241212,0.556868,0.430666
-0.0241212,0.556868,0.430666
-0.0241212,0.556868,0.430666
-0.0228549,0.553039,0.429614
-0.0228549,0.553039,0.429614
-0.0228549,0.553039,0.429614
-0.0225626,0.552849,0.429704
-0.0225626,0.552849,0.429704
-0.0225626,0.552849,0.429704
-0.021276,0.549169,0.428705
-0.021276,0.549169,0.428705
-0.0209463,0.548961,0.428786
-0.0209463,0.548961,0.428786
-0.0209463,0.548961,0.428786
-0.0196454,0.545427,0.427821
-0.0196454,0.545427,0.427821
-0.0192528,0.545195,0.42788
-0.0192528,0.545195,0.42788
-0.0179681,0.541812,0.426951
-0.0179681,0.541812,0.426951
-0.0179681,0.541812,0.426951
-0.0175473,0.541567,0.426983
-0.0175473,0.541567,0.426983
-0.0162829,0.538332,0.426068
-0.0162829,0.538332,0.426068
-0.0158229,0.538071,0.426048
-0.0158229,0.538071,0.426048
-0.014578,0.534976,0.42514
-0.014578,0.534976,0.42514
-0.014578,0.534976,0.42514
-0.014578,0.534976,0.42514
-0.0140978,0.534706,0.425081
-0.0140978,0.534706,0.425081
-0.0128441,0.53173,0.42417
-0.0128441,0.53173,0.42417
-0.0128441,0.53173,0.42417
-0.0123083,0.531436,0.424063
-0.0123083,0.531436,0.424063
-0.0110613,0.528583,0.42316
-0.0110613,0.528583,0.42316
-0.0104718,0.528263,0.423017
-0.0104718,0.528263,0.423017
-0.00923295,0.525525,0.422139
-0.00923295,0.525525,0.422139
-0.00918977,0.525501,0.422135
-0.00918977,0.525501,0.422135
-0.00918977,0.525501,0.422135
-0.00735619,0.52253,0.421154
-0.00735619,0.52253,0.421154
-0.00735619,0.52253,0.421154
-0.0072127,0.522444,0.421149
-0.00536677,0.519547,0.420221
-0.00536677,0.519547,0.420221
-0.0053287,0.519522,0.420226
-0.0053287,0.519522,0.420226
-0.0053287,0.519522,0.420226
-0.00337225,0.516634,0.419353
-0.00337225,0.516634,0.419353
-0.00337225,0.516634,0.419353
-0.00325352,0.51653,0.419361
-0.00325352,0.51653,0.419361
-0.0013136,0.513695,0.418536
-0.0013136,0.513695,0.418536
-0.0013136,0.513695,0.418536
-0.00115525,0.513534,0.418538
-0.00115525,0.513534,0.418538
-0.00115525,0.513534,0.418538
0.000743015,0.510747,0.417754
0.000743015,0.510747,0.417754
0.000743015,0.510747,0.417754
0.000944074,0.510493,0.417743
0.000944074,0.510493,0.417743
0.000944074,0.510493,0.417743
0.00279506,0.507733,0.416983
0.00279506,0.507733,0.416983
0.0030157,0.507421,0.416959
0.0030157,0.507421,0.416959
0.00481015,0.504684,0.416222
0.00481015,0.504684,0.416222
0.00504323,0.504309,0.416179
0.00504323,0.504309,0.416179
0.00504323,0.504309,0.416179
0.00677419,0.501634,0.415464
0.00701705,0.501202,0.415405
0.00704556,0.501123,0.415398
0.00704556,0.501123,0.415398
0.00704556,0.501123,0.415398
0.00870141,0.498537,0.414714
0.00870141,0.498537,0.414714
0.00870141,0.498537,0.414714
0.00899273,0.497934,0.414636
0.00899273,0.497934,0.414636
0.00899273,0.497934,0.414636
0.0106055,0.495356,0.41397
0.0106055,0.495356,0.41397
0.0106055,0.495356,0.41397
0.0109301,0.494673,0.413888
0.0109301,0.494673,0.413888
0.0109301,0.494673,0.413888
0.0124907,0.492146,0.413252
0.0124907,0.492146,0.413252
0.0128603,0.49139,0.413151
0.0128603,0.49139,0.413151
0.0128603,0.49139,0.413151
0.014409,0.488881,0.412526
0.014409,0.488881,0.412526
0.014409,0.488881,0.412526
0.0148317,0.488061,0.41242
0.0148317,0.488061,0.41242
0.0148317,0.488061,0.41242
0.0163644,0.485573,0.411791
0.0163644,0.485573,0.411791
0.0163644,0.485573,0.411791
0.0168295,0.484687,0.411664
0.0168295,0.484687,0.411664
0.018335,0.48225,0.411048
0.018335,0.48225,0.411048
0.018335,0.48225,0.411048
0.0188331,0.481305,0.410891
0.0188331,0.481305,0.410891
0.0188331,0.481305,0.410891
0.0203209,0.478881,0.410261
0.0203209,0.478881,0.410261
0.0203209,0.478881,0.410261
0.0208407,0.47788,0.410078
0.0208407,0.47788,0.410078
0.0208407,0.47788,0.410078
0.0222908,0.475479,0.409455
0.0222908,0.475479,0.409455
0.0228111,0.474467,0.409265
0.0228111,0.474467,0.409265
0.0228111,0.474467,0.409265
0.0242332,0.47211,0.408654
0.0242332,0.47211,0.408654
0.0242332,0.47211,0.408654
0.0247691,0.471086,0.408477
0.0247691,0.471086,0.408477
0.0247691,0.471086,0.408477
0.0261546,0.468785,0.407932
0.0261546,0.468785,0.407932
0.0261546,0.468785,0.407932
0.0266963,0.467761,0.40782
0.0266963,0.467761,0.40782
0.0266963,0.467761,0.40782
0.0280336,0.465548,0.407342
0.0280336,0.465548,0.407342
0.0280336,0.465548,0.407342
0.0285898,0.464534,0.407336
0.0285898,0.464534,0.407336
0.0298787,0.462412,0.406938
0.0298787,0.462412,0.406938
0.0298787,0.462412,0.406938
0.0304336,0.461431,0.407029
0.0304336,0.461431,0.407029
0.0304336,0.461431,0.407029
0.0316829,0.459401,0.406738
0.0316829,0.459401,0.406738
0.0316829,0.459401,0.406738
0.0322366,0.458458,0.406908
0.0322366,0.458458,0.406908
0.0334627,0.456525,0.406722
0.0334627,0.456525,0.406722
0.0334627,0.456525,0.406722
0.0340186,0.455632,0.406943
0.0340186,0.455632,0.406943
0.0340186,0.455632,0.406943
0.0352228,0.4538,0.406845
0.0352228,0.4538,0.406845
0.0352228,0.4538,0.406845
0.0357882,0.452955,0.407128
0.0357882,0.452955,0.407128
0.0369675,0.451217,0.4071
0.0375269,0.450415,0.407405
0.0375269,0.450415,0.407405
0.0375269,0.450415,0.407405
0.0375387,0.450416,0.407423
0.0375387,0.450416,0.407423
0.0375387,0.450416,0.407423
0.0392208,0.447989,0.407725
0.0392208,0.447989,0.407725
0.0392208,0.447989,0.407725
0.0392749,0.447982,0.407783
0.0392749,0.447982,0.407783
0.0392749,0.447982,0.407783
0.0409216,0.445655,0.408083
0.0409216,0.445655,0.408083
0.0409216,0.445655,0.408083
0.0410342,0.445621,0.408155
0.0410342,0.445621,0.408155
0.0410342,0.445621,0.408155
0.0426358,0.443381,0.408433
0.0426358,0.443381,0.408433
0.0428016,0.443303,0.408493
0.0428016,0.443303,0.408493
0.0428016,0.443303,0.408493
0.0443771,0.441109,0.408725
0.0443771,0.441109,0.408725
0.0443771,0.441109,0.408725
0.0445899,0.440966,0.408753
0.0445899,0.440966,0.408753
0.046129,0.438795,0.408919
0.046129,0.438795,0.408919
0.046129,0.438795,0.408919
0.0463551,0.438588,0.408901
0.0463551,0.438588,0.408901
0.0478613,0.436425,0.408983
0.0478613,0.436425,0.408983
0.0478613,0.436425,0.408983
0.0478789,0.436395,0.408961
0.0478789,0.436395,0.408961
0.0495662,0.434027,0.408951
0.0495662,0.434027,0.408951
0.0495662,0.434027,0.408951
0.0495662,0.434027,0.408951
0.0496241,0.433876,0.408859
0.0496241,0.433876,0.408859
0.0512648,0.431501,0.408757
0.0512648,0.431501,0.408757
0.0512796,0.431407,0.408709
0.0512796,0.431407,0.408709
0.0512796,0.431407,0.408709
0.0529151,0.428852,0.408452
0.0529151,0.428852,0.408452
0.0529151,0.428852,0.408452
0.052953,0.428669,0.408347
0.052953,0.428669,0.408347
0.0545223,0.426088,0.408027
0.0545223,0.426088,0.408027
0.0545223,0.426088,0.408027
0.0545768,0.42577,0.407865
0.0545768,0.42577,0.407865
0.0545768,0.42577,0.407865
0.0560765,0.423162,0.407482
0.0560765,0.423162,0.407482
0.0561344,0.42276,0.407289
0.0561344,0.42276,0.407289
0.0561344,0.42276,0.407289
0.0575664,0.420136,0.406876
0.0575664,0.420136,0.406876
0.0575664,0.420136,0.406876
0.0576323,0.419617,0.406629
0.0576323,0.419617,0.406629
0.0576323,0.419617,0.406629
0.0589937,0.417045,0.406215
0.0589937,0.417045,0.406215
0.0589937,0.417045,0.406215
0.0590597,0.416388,0.405943
0.0590597,0.416388,0.405943
0.0603578,0.413813,0.405507
0.0603578,0.413813,0.405507
0.0604369,0.413062,0.405224
0.0604369,0.413062,0.405224
0.0604369,0.413062,0.405224
0.0616828,0.410532,0.404802
0.0616828,0.410532,0.404802
0.0617687,0.409736,0.404512
0.0617687,0.409736,0.404512
0.0617687,0.409736,0.404512
0.062966,0.407219,0.404099
0.0630549,0.406389,0.403818
0.0630549,0.406389,0.403818
0.0630549,0.406389,0.403818
0.0630664,0.406317,0.403807
0.0630664,0.406317,0.403807
0.0630664,0.406317,0.403807
0.0642988,0.403029,0.403122
0.0642988,0.403029,0.403122
0.0643271,0.402871,0.403101
0.0643271,0.402871,0.403101
0.0643271,0.402871,0.403101
0.064333,0.40284,0.4031
0.064333,0.40284,0.4031
0.0655307,0.399466,0.402411
0.0655307,0.399466,0.402411
0.0655307,0.399466,0.402411
0.065552,0.399351,0.402386
0.065552,0.399351,0.402386
0.065552,0.399351,0.402386
0.0667016,0.396059,0.401721
0.0667016,0.396059,0.401721
0.0667016,0.396059,0.401721
0.0667473,0.395882,0.401695
0.0667473,0.395882,0.401695
0.0667473,0.395882,0.401695
0.0678592,0.392686,0.401047
0.0678592,0.392686,0.401047
0.0678592,0.392686,0.401047
0.0679222,0.392478,0.401012
0.0679222,0.392478,0.401012
0.0679222,0.392478,0.401012
0.0690178,0.389363,0.400395
0.0690178,0.389363,0.400395
0.0690178,0.389363,0.400395
0.0691141,0.38912,0.400361
0.0691141,0.38912,0.400361
0.0691141,0.38912,0.400361
0.0701737,0.386123,0.399769
0.0701737,0.386123,0.399769
0.0703051,0.385856,0.399725
0.0703051,0.385856,0.399725
0.0703051,0.385856,0.399725
0.0713542,0.382967,0.399165
0.0713542,0.382967,0.399165
0.0713542,0.382967,0.399165
0.0715229,0.38268,0.399127
0.0715229,0.38268,0.399127
0.0715229,0.38268,0.399127
0.0725512,0.37989,0.398599
0.0725512,0.37989,0.398599
0.0725512,0.37989,0.398599
0.0727483,0.379585,0.398559
0.0727483,0.379585,0.398559
0.0727483,0.379585,0.398559
0.073759,0.376898,0.398056
0.073759,0.376898,0.398056
0.0739854,0.37658,0.39803
0.0739854,0.37658,0.39803
0.0739854,0.37658,0.39803
0.0749688,0.374001,0.397566
0.0749688,0.374001,0.397566
0.0749688,0.374001,0.397566
0.075198,0.373671,0.39755
0.075198,0.373671,0.39755
0.0761566,0.371185,0.39713
0.0761566,0.371185,0.39713
0.0761566,0.371185,0.39713
0.0763988,0.37084,0.397132
0.0763988,0.37084,0.397132
0.0763988,0.37084,0.397132
0.0773343,0.368448,0.396763
0.0773343,0.368448,0.396763
0.0773343,0.368448,0.396763
0.0775897,0.368096,0.396805
0.0775897,0.368096,0.396805
0.0775897,0.368096,0.396805
0.0785076,0.3658,0.396502
0.0785076,0.3658,0.396502
0.0785076,0.3658,0.396502
0.0787733,0.365442,0.396595
0.0787733,0.365442,0.396595
0.0796637,0.363232,0.396357
0.0796637,0.363232,0.396357
0.0796637,0.363232,0.396357
0.0799152,0.362866,0.396476
0.0799152,0.362866,0.396476
0.0799152,0.362866,0.396476
0.0807743,0.360737,0.3963
0.0807743,0.360737,0.3963
0.0807743,0.360737,0.3963
0.0810123,0.360355,0.396468
0.081836,0.3583,0.396361
0.081836,0.3583,0.396361
0.081836,0.3583,0.396361
0.0818412,0.358292,0.396384
0.0818412,0.358292,0.396384
0.0818412,0.358292,0.396384
0.0828328,0.355926,0.396494
0.0828328,0.355926,0.396494
0.0828328,0.355926,0.396494
0.08284,0.355887,0.396566
0.08284,0.355887,0.396566
0.08284,0.355887,0.396566
0.0837661,0.353595,0.396711
0.0837661,0.353595,0.396711
0.0837734,0.353539,0.396802
0.0837734,0.353539,0.396802
0.0837734,0.353539,0.396802
0.0846485,0.351328,0.396971
0.0846485,0.351328,0.396971
0.0846485,0.351328,0.396971
0.0846519,0.351251,0.397089
0.0846519,0.351251,0.397089
0.0846519,0.351251,0.397089
0.0854713,0.349115,0.397285
0.0854713,0.349115,0.397285
0.0854713,0.349115,0.397285
0.0854737,0.34902,0.397421
0.0854737,0.34902,0.397421
0.086241,0.346966,0.397621
0.086241,0.346966,0.397621
0.086241,0.346966,0.397621
0.0862369,0.346851,0.397758
0.0862369,0.346851,0.397758
0.0862369,0.346851,0.397758
0.0869558,0.344871,0.397954
0.0869558,0.344871,0.397954
0.0869471,0.344743,0.39808
0.0869471,0.344743,0.39808
0.0869476,0.344739,0.398077
0.0869476,0.344739,0.398077
0.0869476,0.344739,0.398077
0.0876129,0.342712,0.398381
0.0876129,0.342712,0.398381
0.0876129,0.342712,0.398381
0.0876138,0.342696,0.398365
0.0876138,0.342696,0.398365
0.0882363,0.340753,0.398655
0.0882363,0.340753,0.398655
0.0882363,0.340753,0.398655
0.0882335,0.340724,0.398626
0.0882335,0.340724,0.398626
0.0882335,0.340724,0.398626
0.0888132,0.338853,0.398907
0.0888132,0.338853,0.398907
0.0888132,0.338853,0.398907
0.0887916,0.338798,0.398875
0.0887916,0.338798,0.398875
0.0887916,0.338798,0.398875
0.0893295,0.336998,0.399129
0.0893295,0.336998,0.399129
0.0893295,0.336998,0.399129
0.0892971,0.336931,0.399096
0.0892971,0.336931,0.399096
0.0892971,0.336931,0.399096
0.0898022,0.335203,0.39932
0.0898022,0.335203,0.39932
0.0897626,0.335126,0.399284
0.0897626,0.335126,0.399284
0.0897626,0.335126,0.399284
0.0902426,0.333472,0.399463
0.0902426,0.333472,0.399463
0.0902426,0.333472,0.399463
0.0901959,0.333386,0.399414
0.0901959,0.333386,0.399414
0.0901959,0.333386,0.399414
0.0906456,0.331801,0.399567
0.0906456,0.331801,0.399567
0.0906456,0.331801,0.399567
0.090589,0.331704,0.399495
0.090589,0.331704,0.399495
0.090589,0.331704,0.399495
0.0910079,0.330186,0.39963
0.0910079,0.330186,0.39963
0.0910079,0.330186,0.39963
0.0909448,0.330084,0.399542
0.0909448,0.330084,0.399542
0.0909448,0.330084,0.399542
0.0913341,0.32863,0.399648
0.0913341,0.32863,0.399648
0.0913341,0.32863,0.399648
0.0912572,0.328521,0.399533
0.0912572,0.328521,0.399533
0.0912572,0.328521,0.399533
0.0916268,0.327135,0.39961
0.0916268,0.327135,0.39961
0.0915437,0.327024,0.39948
0.0915437,0.327024,0.39948
0.0915437,0.327024,0.39948
0.0918936,0.3257,0.399515
0.0918936,0.3257,0.399515
0.0918936,0.3257,0.399515
0.0918056,0.325587,0.399373
0.0918056,0.325587,0.399373
0.0918056,0.325587,0.399373
0.0921364,0.324326,0.399384
0.0921364,0.324326,0.399384
0.0921364,0.324326,0.399384
0.0920457,0.324211,0.399226
0.0920457,0.324211,0.399226
0.0920457,0.324211,0.399226
0.0923567,0.323004,0.399207
0.0923567,0.323004,0.399207
0.0923567,0.323004,0.399207
0.0922582,0.322882,0.399042
0.0922582,0.322882,0.399042
0.0922582,0.322882,0.399042
0.0925459,0.321722,0.399003
0.0925459,0.321722,0.399003
0.0925459,0.321722,0.399003
0.0924392,0.321593,0.398839
0.0924392,0.321593,0.398839
0.0924392,0.321593,0.398839
0.0927055,0.32048,0.398779
0.0927055,0.32048,0.398779
0.0927055,0.32048,0.398779
0.0925954,0.320349,0.398615
0.0925954,0.320349,0.398615
0.0925954,0.320349,0.398615
0.09284,0.319279,0.398535
0.09284,0.319279,0.398535
0.09284,0.319279,0.398535
0.0927149,0.319134,0.398359
0.0927149,0.319134,0.398359
0.0929394,0.318108,0.398266
0.0929394,0.318108,0.398266
0.0929394,0.318108,0.398266
0.0928013,0.317951,0.398083
0.0928013,0.317951,0.398083
0.0928013,0.317951,0.398083
0.0929996,0.31696,0.397975
0.0929996,0.31696,0.397975
0.0929996,0.31696,0.397975
0.09285,0.316793,0.397781
0.09285,0.316793,0.397781
0.09285,0.316793,0.397781
0.0930282,0.31584,0.397654
0.0930282,0.31584,0.397654
0.0930282,0.31584,0.397654
0.0928725,0.315669,0.397456
0.0928725,0.315669,0.397456
0.0928725,0.315669,0.397456
0.0930303,0.314754,0.397319
0.0930303,0.314754,0.397319
0.0930303,0.314754,0.397319
0.0930058,0.314702,0.397144
0.0930058,0.314702,0.397144
0.0930058,0.314702,0.397144
0.0929996,0.313707,0.397009
0.0929996,0.313707,0.397009
0.0929551,0.313649,0.396867
0.0929551,0.313649,0.396867
0.0929551,0.313649,0.396867
0.0929343,0.312699,0.396762
0.0929343,0.312699,0.396762
0.0929343,0.312699,0.396762
0.0928688,0.312639,0.396673
0.0928688,0.312639,0.396673
0.0928688,0.312639,0.396673
0.0928268,0.311734,0.396625
0.0928268,0.311734,0.396625
0.0927478,0.311674,0.396574
0.0927478,0.311674,0.396574
0.0927478,0.311674,0.396574
0.0926805,0.310816,0.396572
0.0926805,0.310816,0.396572
0.0926805,0.310816,0.396572
0.0925772,0.310762,0.396548
0.0925772,0.310762,0.396548
0.0925772,0.310762,0.396548
0.0924787,0.309949,0.396555
0.0924787,0.309949,0.396555
0.0923548,0.309902,0.396538
0.0923548,0.309902,0.396538
0.0923548,0.309902,0.396538
0.0922198,0.309142,0.39653
0.0922198,0.309142,0.39653
0.0922198,0.309142,0.39653
0.0920641,0.309115,0.39648
0.0920641,0.309115,0.39648
0.0920641,0.309115,0.39648
0.0918917,0.308417,0.396426
0.0918917,0.308417,0.396426
0.0917155,0.308412,0.396358
0.0917155,0.308412,0.396358
0.0917155,0.308412,0.396358
0.0915099,0.307787,0.396268
0.0915099,0.307787,0.396268
0.0915099,0.307787,0.396268
0.091307,0.307825,0.39616
0.091307,0.307825,0.39616
0.0910809,0.307255,0.396053
0.0910809,0.307255,0.396053
0.0910809,0.307255,0.396053
0.09084,0.307327,0.395914
0.09084,0.307327,0.395914
0.09084,0.307327,0.395914
0.0905837,0.30682,0.39577
0.0905837,0.30682,0.39577
0.0903171,0.306913,0.395597
0.0903171,0.306913,0.395597
0.0903171,0.306913,0.395597
0.0900236,0.306465,0.395421
0.0900236,0.306465,0.395421
0.0900236,0.306465,0.395421
0.0897191,0.30659,0.395209
0.0897191,0.30659,0.395209
0.0894167,0.306188,0.395014
0.0894167,0.306188,0.395014
0.0894167,0.306188,0.395014
0.0890809,0.306338,0.394769
0.0890809,0.306338,0.394769
0.0890809,0.306338,0.394769
0.0887475,0.305989,0.394555
0.0887475,0.305989,0.394555
0.0883796,0.306164,0.394283
0.0883796,0.306164,0.394283
0.0883796,0.306164,0.394283
0.0880383,0.305855,0.394056
0.0880383,0.305855,0.394056
0.0880383,0.305855,0.394056
0.0876469,0.306052,0.393759
0.0876469,0.306052,0.393759
0.0876469,0.306052,0.393759
0.0872835,0.305788,0.393519
0.0872835,0.305788,0.393519
0.0868857,0.305997,0.393219
0.0868857,0.305997,0.393219
0.0864952,0.305777,0.392961
0.0864952,0.305777,0.392961
0.0860838,0.305993,0.392645
0.0860838,0.305993,0.392645
0.0856797,0.305802,0.392371
0.0856797,0.305802,0.392371
0.0856797,0.305802,0.392371
0.0856797,0.305802,0.392371
0.0852486,0.306023,0.392036
0.0852486,0.306023,0.392036
0.0848018,0.305891,0.391743
0.0848018,0.305891,0.391743
0.0847916,0.305906,0.391743
0.0847916,0.305906,0.391743
0.0839221,0.306032,0.391133
0.0839221,0.306032,0.391133
0.0838906,0.306079,0.391131
0.0838906,0.306079,0.391131
0.0838906,0.306079,0.391131
0.0830551,0.306238,0.390552
0.0830551,0.306238,0.390552
0.0830551,0.306238,0.390552
0.0830009,0.306333,0.390566
0.0830009,0.306333,0.390566
0.0821928,0.30655,0.390048
0.0821928,0.30655,0.390048
0.0821283,0.306686,0.390096
0.0821283,0.306686,0.390096
0.0821283,0.306686,0.390096
0.0813556,0.306938,0.389639
0.0813556,0.306938,0.389639
0.0813556,0.306938,0.389639
0.0812767,0.307138,0.389741
0.0812767,0.307138,0.389741
0.0812767,0.307138,0.389741
0.0805269,0.307453,0.389373
0.0805269,0.307453,0.389373
0.0805269,0.307453,0.389373
0.080438,0.307736,0.389557
0.080438,0.307736,0.389557
0.079716,0.308089,0.389265
0.079716,0.308089,0.389265
0.079716,0.308089,0.389265
0.0796165,0.308452,0.389511
0.0796165,0.308452,0.389511
0.0789135,0.308874,0.389319
0.0789135,0.308874,0.389319
0.0789135,0.308874,0.389319
0.0788124,0.30928,0.389612
0.0788124,0.30928,0.389612
0.0781305,0.309775,0.389522
0.0781305,0.309775,0.389522
0.0781305,0.309775,0.389522
0.078023,0.310229,0.389853
0.078023,0.310229,0.389853
0.078023,0.310229,0.389853
0.0773737,0.310763,0.389809
0.0773737,0.310763,0.389809
0.077243,0.311296,0.390201
0.077243,0.311296,0.390201
0.077243,0.311296,0.390201
0.0765979,0.311903,0.390225
0.0765979,0.311903,0.390225
0.0765979,0.311903,0.390225
0.0764345,0.312515,0.390637
0.0764345,0.312515,0.390637
0.0764345,0.312515,0.390637
0.0757788,0.313193,0.390715
0.0757788,0.313193,0.390715
0.0757788,0.313193,0.390715
0.0755858,0.313845,0.391135
0.0755858,0.313845,0.391135
0.0749082,0.314589,0.391231
0.0749082,0.314589,0.391231
0.0749082,0.314589,0.391231
0.0746679,0.315309,0.391672
0.0746679,0.315309,0.391672
0.0746679,0.315309,0.391672
0.073968,0.31612,0.391788
0.073968,0.31612,0.391788
0.0736736,0.316901,0.392236
0.0736736,0.316901,0.392236
0.0736736,0.316901,0.392236
0.0729696,0.31774,0.392363
0.0729696,0.31774,0.392363
0.0729696,0.31774,0.392363
0.0726246,0.31858,0.392807
0.0726246,0.31858,0.392807
0.0726246,0.31858,0.392807
0.0718921,0.319476,0.392947
0.0718921,0.319476,0.392947
0.0718921,0.319476,0.392947
0.0715134,0.320338,0.393383
0.0715134,0.320338,0.393383
0.0707454,0.32129,0.393517
0.0707454,0.32129,0.393517
0.0707454,0.32129,0.393517
0.0703024,0.322209,0.39395
0.0703024,0.322209,0.39395
0.0703024,0.322209,0.39395
0.069504,0.323223,0.39409
0.069504,0.323223,0.39409
0.069504,0.323223,0.39409
0.06901,0.324205,0.394502
0.06901,0.324205,0.394502
0.06901,0.324205,0.394502
0.0681903,0.325278,0.394648
0.0681903,0.325278,0.394648
0.0681903,0.325278,0.394648
0.0676485,0.326326,0.395039
0.0676485,0.326326,0.395039
0.0668277,0.327427,0.395185
0.0668277,0.327427,0.395185
0.0662337,0.328542,0.395568
0.0662337,0.328542,0.395568
0.0654026,0.329666,0.39571
0.0654026,0.329666,0.39571
0.0654026,0.329666,0.39571
0.0647898,0.330804,0.396076
0.0647898,0.330804,0.396076
0.0647898,0.330804,0.396076
0.0639276,0.331993,0.396232
0.0639276,0.331993,0.396232
0.0639276,0.331993,0.396232
0.0632684,0.333194,0.396586
0.0632684,0.333194,0.396586
0.062403,0.334399,0.396744
0.062403,0.334399,0.396744
0.062403,0.334399,0.396744
0.0617089,0.335647,0.397102
0.0617089,0.335647,0.397102
0.0608225,0.336897,0.397265
0.0608225,0.336897,0.397265
0.0608225,0.336897,0.397265
0.0601273,0.338146,0.397616
0.0601273,0.338146,0.397616
0.0601273,0.338146,0.397616
0.0592303,0.339422,0.397796
0.0592303,0.339422,0.397796
0.0592303,0.339422,0.397796
0.0585201,0.340692,0.398154
0.0585201,0.340692,0.398154
0.0585201,0.340692,0.398154
0.0576363,0.341959,0.398341
0.0576363,0.341959,0.398341
0.0569252,0.343235,0.398695
0.0569252,0.343235,0.398695
0.0569252,0.343235,0.398695
0.05604,0.344503,0.398896
0.05604,0.344503,0.398896
0.05604,0.344503,0.398896
0.055325,0.345774,0.399255
0.055325,0.345774,0.399255
0.0544406,0.347033,0.39947
0.053729,0.348279,0.399822
0.053729,0.348279,0.399822
0.053729,0.348279,0.399822
0.05371,0.348301,0.399822
0.05371,0.348301,0.399822
0.05371,0.348301,0.399822
0.0521478,0.350738,0.40037
0.0521478,0.350738,0.40037
0.052084,0.350815,0.40037
0.052084,0.350815,0.40037
0.0505699,0.353168,0.40089
0.0505699,0.353168,0.40089
0.0505699,0.353168,0.40089
0.0504804,0.353284,0.40089
0.0504804,0.353284,0.40089
0.0490019,0.35559,0.401383
0.0490019,0.35559,0.401383
0.0490019,0.35559,0.401383
0.0488977,0.355743,0.401379
0.0488977,0.355743,0.401379
0.0488977,0.355743,0.401379
0.0474455,0.35802,0.401842
0.0474455,0.35802,0.401842
0.0473157,0.358223,0.401828
0.045886,0.360478,0.40225
0.045886,0.360478,0.40225
0.0458592,0.360527,0.402238
0.0458592,0.360527,0.402238
0.044337,0.362938,0.402614
0.044337,0.362938,0.402614
0.044337,0.362938,0.402614
0.0442656,0.363068,0.4026
0.0442656,0.363068,0.4026
0.0442656,0.363068,0.4026
0.0427571,0.365492,0.402964
0.0427571,0.365492,0.402964
0.0426391,0.365768,0.402967
0.0426391,0.365768,0.402967
0.0426251,0.365823,0.402978
0.0426251,0.365823,0.402978
0.0426251,0.365823,0.402978
0.0410563,0.368545,0.40337
0.0410563,0.368545,0.40337
0.0410563,0.368545,0.40337
0.0410246,0.368761,0.403452
0.0410246,0.368761,0.403452
0.0395377,0.371465,0.403887
0.0395377,0.371465,0.403887
0.0395377,0.371465,0.403887
0.0395045,0.371833,0.404052
0.0395045,0.371833,0.404052
0.0395045,0.371833,0.404052
0.038096,0.374576,0.404576
0.038096,0.374576,0.404576
0.0380547,0.375105,0.404866
0.0380547,0.375105,0.404866
0.0380547,0.375105,0.404866
0.0380547,0.375105,0.404866
0.0367087,0.37783,0.405449
0.0367087,0.37783,0.405449
0.0366438,0.378507,0.40587
0.0366438,0.378507,0.40587
0.0366438,0.378507,0.40587
0.0353244,0.381274,0.406584
0.0353244,0.381274,0.406584
0.0353244,0.381274,0.406584
0.0352163,0.382105,0.407146
0.0352163,0.382105,0.407146
0.0352163,0.382105,0.407146
0.0339149,0.384921,0.40801
0.0339149,0.384921,0.40801
0.0337641,0.385905,0.40876
0.0337641,0.385905,0.40876
0.0337455,0.385971,0.408838
0.0337455,0.385971,0.408838
0.0337455,0.385971,0.408838
0.0323271,0.389793,0.410613
0.0323271,0.389793,0.410613
0.032262,0.390051,0.410931
0.0308961,0.393821,0.412781
0.0308961,0.393821,0.412781
0.0308961,0.393821,0.412781
0.0308811,0.393886,0.412864
0.0308811,0.393886,0.412864
0.0294976,0.397926,0.415159
0.0294976,0.397926,0.415159
0.0294651,0.398145,0.415415
0.0294651,0.398145,0.415415
0.0294651,0.398145,0.415415
0.0281482,0.402138,0.417751
0.0281482,0.402138,0.417751
0.0281482,0.402138,0.417751
0.0280958,0.402573,0.41822
0.0280958,0.402573,0.41822
0.0268418,0.406529,0.420584
0.0268418,0.406529,0.420584
0.0268264,0.406688,0.420716
0.0268264,0.406688,0.420716
0.0268264,0.406688,0.420716
0.0255695,0.411119,0.423601
0.0255695,0.411119,0.423601
0.0255315,0.411434,0.42384
0.0255315,0.411434,0.42384
0.0242966,0.415897,0.426755
0.0242966,0.415897,0.426755
0.0242966,0.415897,0.426755
0.0242339,0.416358,0.427075
0.023026,0.420867,0.43
0.023026,0.420867,0.43
0.023026,0.420867,0.43
0.023026,0.420867,0.43
0.0230089,0.420947,0.430036
0.0230089,0.420947,0.430036
0.0217775,0.425949,0.433265
0.0217775,0.425949,0.433265
0.0217164,0.426272,0.433411
0.0217164,0.426272,0.433411
0.0217164,0.426272,0.433411
0.0205329,0.43121,0.436571
0.0204551,0.431701,0.43678
0.0204551,0.431701,0.43678
0.0204288,0.431896,0.436861
0.0204288,0.431896,0.436861
0.0204288,0.431896,0.436861
0.0192203,0.437252,0.440136
0.0192203,0.437252,0.440136
0.0191557,0.437682,0.440299
0.0191557,0.437682,0.440299
0.0179903,0.442946,0.443475
0.0179903,0.442946,0.443475
0.0179903,0.442946,0.443475
0.0179053,0.443536,0.443685
0.0167707,0.448796,0.44679
0.0167707,0.448796,0.44679
0.0167707,0.448796,0.44679
0.0167531,0.44888,0.446811
0.0167531,0.44888,0.446811
0.0155805,0.454611,0.450011
0.0155805,0.454611,0.450011
0.0155805,0.454611,0.450011
0.0155191,0.454947,0.450096
0.0155191,0.454947,0.450096
0.0155191,0.454947,0.450096
0.0143775,0.46064,0.453199
0.0143775,0.46064,0.453199
0.0143775,0.46064,0.453199
0.0142883,0.46113,0.453319
0.0142883,0.46113,0.453319
0.0131629,0.466783,0.456328
0.0131629,0.466783,0.456328
0.0131629,0.466783,0.456328
0.0130336,0.467482,0.456483
0.0130336,0.467482,0.456483
0.0119219,0.473102,0.459399
0.0119219,0.473102,0.459399
0.0119219,0.473102,0.459399
0.0117701,0.473914,0.459568
0.0117701,0.473914,0.459568
0.0106858,0.479409,0.462385
0.0106858,0.479409,0.462385
0.0106858,0.479409,0.462385
0.0104842,0.480411,0.462574
0.00942663,0.485786,0.465285
0.00942663,0.485786,0.465285
0.0093842,0.485935,0.465307
0.0093842,0.485935,0.465307
0.0093842,0.485935,0.465307
0.00815533,0.492154,0.468102
0.00815533,0.492154,0.468102
0.00804879,0.492525,0.468154
0.00804879,0.492525,0.468154
0.00804879,0.492525,0.468154
0.00684006,0.498587,0.470854
0.00684006,0.498587,0.470854
0.00669517,0.499085,0.47092
0.00669517,0.499085,0.47092
0.00669517,0.499085,0.47092
0.00547727,0.505066,0.47354
0.00547727,0.505066,0.47354
0.00528972,0.505681,0.473626
0.00528972,0.505681,0.473626
0.00406002,0.511573,0.476167
0.00406002,0.511573,0.476167
0.00406002,0.511573,0.476167
0.00381889,0.512301,0.476288
0.00381889,0.512301,0.476288
0.00381889,0.512301,0.476288
0.00256859,0.518111,0.478759
0.00256859,0.518111,0.478759
0.00227178,0.518957,0.478913
0.00227178,0.518957,0.478913
0.000992347,0.524689,0.48132
0.000992347,0.524689,0.48132
0.000992347,0.524689,0.48132
0.000642984,0.525633,0.481507
0.000642984,0.525633,0.481507
-0.000637852,0.531211,0.483839
-0.000637852,0.531211,0.483839
-0.00070983,0.531349,0.483868
-0.00070983,0.531349,0.483868
-0.00070983,0.531349,0.483868
-0.00237369,0.537763,0.48633
-0.00237369,0.537763,0.48633
-0.00256146,0.538103,0.486389
-0.00256146,0.538103,0.486389
-0.00260772,0.538176,0.486405
-0.00260772,0.538176,0.486405
-0.00260772,0.538176,0.486405
-0.00448998,0.544825,0.488864
-0.00448998,0.544825,0.488864
-0.00466725,0.545114,0.488922
-0.00652867,0.551582,0.491307
-0.00652867,0.551582,0.491307
-0.00656761,0.551663,0.491328
-0.00656761,0.551663,0.491328
-0.00857659,0.558237,0.493707
-0.00857659,0.558237,0.493707
-0.00857659,0.558237,0.493707
-0.00869829,0.558462,0.493764
-0.00869829,0.558462,0.493764
-0.0107191,0.564929,0.4961
-0.0107191,0.564929,0.4961
-0.0109174,0.565269,0.496188
-0.0109174,0.565269,0.496188
-0.0109174,0.565269,0.496188
-0.0129046,0.571539,0.498454
-0.0129046,0.571539,0.498454
-0.0132391,0.572097,0.498608
-0.0132391,0.572097,0.498608
-0.0132391,0.572097,0.498608
-0.015203,0.578188,0.500805
-0.015203,0.578188,0.500805
-0.015203,0.578188,0.500805
-0.0156501,0.578926,0.501006
-0.0156501,0.578926,0.501006
-0.0156501,0.578926,0.501006
-0.0176367,0.584923,0.503156
-0.0181479,0.585756,0.503387
-0.0181479,0.585756,0.503387
-0.0181479,0.585756,0.503387
-0.0182312,0.585886,0.503419
-0.0182312,0.585886,0.503419
-0.0206717,0.592512,0.505715
-0.0206717,0.592512,0.505715
-0.0206717,0.592512,0.505715
-0.0208789,0.592836,0.505801
-0.0208789,0.592836,0.505801
-0.0208789,0.592836,0.505801
-0.0233007,0.59932,0.50803
-0.0233007,0.59932,0.50803
-0.0236137,0.599814,0.508148
-0.0236137,0.599814,0.508148
-0.0236137,0.599814,0.508148
-0.023652,0.59988,0.50816
-0.0263446,0.606703,0.510427
-0.0263446,0.606703,0.510427
-0.0263446,0.606703,0.510427
-0.0264178,0.606826,0.510451
-0.0264178,0.606826,0.510451
-0.0264178,0.606826,0.510451
-0.0290891,0.613554,0.512644
-0.0290891,0.613554,0.512644
-0.0292205,0.613791,0.512685
-0.0292205,0.613791,0.512685
-0.031831,0.620361,0.514798
-0.031831,0.620361,0.514798
-0.0320072,0.620708,0.514849
-0.0320072,0.620708,0.514849
-0.0320072,0.620708,0.514849
-0.0345296,0.627069,0.516873
-0.0345296,0.627069,0.516873
-0.0347691,0.627571,0.516933
-0.0347691,0.627571,0.516933
-0.0347691,0.627571,0.516933
-0.0372137,0.633743,0.518886
-0.0372137,0.633743,0.518886
-0.037491,0.634335,0.518961
-0.039871,0.640356,0.520851
-0.039871,0.640356,0.520851
-0.039871,0.640356,0.520851
-0.0398928,0.640405,0.52086
-0.0398928,0.640405,0.52086
-0.0424688,0.646848,0.522759
-0.0424688,0.646848,0.522759
-0.0425262,0.646997,0.52278
-0.0425262,0.646997,0.52278
-0.0425262,0.646997,0.52278
-0.0449979,0.653229,0.524607
-0.0449979,0.653229,0.524607
-0.0449979,0.653229,0.524607
-0.0450972,0.653518,0.524649
-0.0450972,0.653518,0.524649
-0.0474755,0.65958,0.526413
-0.0474755,0.65958,0.526413
-0.0474755,0.65958,0.526413
-0.0475956,0.659941,0.526466
-0.0475956,0.659941,0.526466
-0.0498804,0.665816,0.528165
-0.0498804,0.665816,0.528165
-0.0498804,0.665816,0.528165
-0.0498927,0.665852,0.528169
-0.0498927,0.665852,0.528169
-0.0522094,0.67188,0.529843
-0.0522094,0.67188,0.529843
-0.0522598,0.671996,0.529846
-0.0522598,0.671996,0.529846
-0.0544818,0.677779,0.531434
-0.0544818,0.677779,0.531434
-0.0544818,0.677779,0.531434
-0.0545581,0.677938,0.531426
-0.0545581,0.677938,0.531426
-0.0566894,0.683479,0.532927
-0.0566894,0.683479,0.532927
-0.0566894,0.683479,0.532927
-0.0568084,0.683692,0.532899
-0.0568084,0.683692,0.532899
-0.0568084,0.683692,0.532899
-0.0588518,0.688998,0.534314
-0.0588518,0.688998,0.534314
-0.0588518,0.688998,0.534314
-0.0589995,0.689254,0.534267
-0.0589995,0.689254,0.534267
-0.0609662,0.694348,0.535589
-0.0609662,0.694348,0.535589
-0.0609662,0.694348,0.535589
-0.0611228,0.694625,0.535528
-0.0611228,0.694625,0.535528
-0.0611228,0.694625,0.535528
-0.062994,0.699492,0.53677
-0.062994,0.699492,0.53677
-0.062994,0.699492,0.53677
-0.0631421,0.699775,0.536705
-0.0631421,0.699775,0.536705
-0.0631421,0.699775,0.536705
-0.0649089,0.704416,0.537888
-0.0649089,0.704416,0.537888
-0.0650384,0.7047,0.537834
-0.0650384,0.7047,0.537834
-0.0650384,0.7047,0.537834
-0.0667029,0.709122,0.538966
-0.0667029,0.709122,0.538966
-0.0668127,0.709403,0.538928
-0.0668127,0.709403,0.538928
-0.0683841,0.71361,0.540012
-0.0683841,0.71361,0.540012
-0.0683841,0.71361,0.540012
-0.0683817,0.71361,0.540016
-0.0683817,0.71361,0.540016
-0.0699706,0.717871,0.541021
-0.0699706,0.717871,0.541021
-0.0699675,0.717864,0.541028
-0.0699675,0.717864,0.541028
-0.0699675,0.717864,0.541028
-0.0714682,0.721901,0.541994
-0.0714682,0.721901,0.541994
-0.0714682,0.721901,0.541994
-0.0714621,0.721886,0.542003
-0.0714621,0.721886,0.542003
-0.0714621,0.721886,0.542003
-0.0728833,0.725706,0.542923
-0.0728833,0.725706,0.542923
-0.0728786,0.725677,0.542933
-0.0728786,0.725677,0.542933
-0.0728786,0.725677,0.542933
-0.074228,0.729297,0.543808
-0.074228,0.729297,0.543808
-0.074228,0.729297,0.543808
-0.074226,0.729261,0.543817
-0.074226,0.729261,0.543817
-0.075508,0.732694,0.544648
-0.075508,0.732694,0.544648
-0.0755093,0.732651,0.544656
-0.0755093,0.732651,0.544656
-0.0755093,0.732651,0.544656
-0.0767272,0.735909,0.545445
-0.0767272,0.735909,0.545445
-0.0767272,0.735909,0.545445
-0.0767305,0.735861,0.545451
-0.0767305,0.735861,0.545451
-0.0767305,0.735861,0.545451
-0.0778877,0.738952,0.5462
-0.0778877,0.738952,0.5462
-0.0778877,0.738952,0.5462
-0.0778915,0.738905,0.546207
-0.0778915,0.738905,0.546207
-0.0778915,0.738905,0.546207
-0.0789901,0.74184,0.546919
-0.0789901,0.74184,0.546919
-0.0789938,0.741796,0.546925
-0.0789938,0.741796,0.546925
-0.0789938,0.741796,0.546925
-0.0800363,0.744585,0.547601
-0.0800363,0.744585,0.547601
-0.0800363,0.744585,0.547601
-0.0800399,0.744542,0.547607
-0.0800399,0.744542,0.547607
-0.0810293,0.747192,0.548249
-0.0810293,0.747192,0.548249
-0.0810293,0.747192,0.548249
-0.0810327,0.747152,0.548255
-0.0810327,0.747152,0.548255
-0.0819719,0.749669,0.548866
-0.0819719,0.749669,0.548866
-0.0819719,0.749669,0.548866
-0.0819752,0.749631,0.548871
-0.0819752,0.749631,0.548871
-0.0819752,0.749631,0.548871
-0.0828664,0.752023,0.549451
-0.0828664,0.752023,0.549451
-0.0828696,0.751986,0.549457
-0.0828696,0.751986,0.549457
-0.0837157,0.754258,0.550008
-0.0837157,0.754258,0.550008
-0.0837157,0.754258,0.550008
-0.0837188,0.754224,0.550013
-0.0837188,0.754224,0.550013
-0.084522,0.756382,0.550537
-0.084522,0.756382,0.550537
-0.084522,0.756382,0.550537
-0.0845249,0.756349,0.550541
-0.0845249,0.756349,0.550541
-0.0845249,0.756349,0.550541
-0.0852874,0.7584,0.551039
-0.0852874,0.7584,0.551039
-0.0852874,0.7584,0.551039
-0.0852903,0.758369,0.551044
-0.0852903,0.758369,0.551044
-0.0852903,0.758369,0.551044
-0.0860142,0.760317,0.551517
-0.0860142,0.760317,0.551517
-0.0860169,0.760288,0.551521
-0.0860169,0.760288,0.551521
-0.0860169,0.760288,0.551521
-0.0867041,0.762138,0.551971
-0.0867041,0.762138,0.551971
-0.0867068,0.76211,0.551975
-0.0867068,0.76211,0.551975
-0.0867068,0.76211,0.551975
-0.0873593,0.763868,0.552402
-0.0873593,0.763868,0.552402
-0.0873593,0.763868,0.552402
-0.0873618,0.763842,0.552406
-0.0873618,0.763842,0.552406
-0.0873618,0.763842,0.552406
-0.0879813,0.765512,0.552812
-0.0879813,0.765512,0.552812
-0.0879813,0.765512,0.552812
-0.0879838,0.765487,0.552816
-0.0879838,0.765487,0.552816
-0.088572,0.767073,0.553201
-0.088572,0.767073,0.553201
-0.088572,0.767073,0.553201
-0.0885744,0.767049,0.553205
-0.0885744,0.767049,0.553205
-0.0885744,0.767049,0.553205
-0.0891329,0.768557,0.553572
-0.0891329,0.768557,0.553572
-0.0891353,0.768534,0.553575
-0.0891353,0.768534,0.553575
-0.0896657,0.769966,0.553924
-0.0896657,0.769966,0.553924
-0.089668,0.769944,0.553927
-0.0901717,0.771305,0.554258
-0.0901717,0.771305,0.554258
-0.0901717,0.771305,0.554258
-0.0901716,0.771305,0.554258
-0.0901716,0.771305,0.554258
-0.0901716,0.771305,0.554258
-0.0906521,0.772576,0.554576
-0.0906521,0.772576,0.554576
-0.0906521,0.772576,0.554576
-0.090652,0.772576,0.554576
-0.090652,0.772576,0.554576
-0.0911084,0.773785,0.554878
-0.0911084,0.773785,0.554878
-0.0911084,0.773785,0.554878
-0.0911084,0.773785,0.554878
-0.0911084,0.773785,0.554878
-0.0911084,0.773785,0.554878
-0.0915417,0.774933,0.555165
-0.0915417,0.774933,0.555165
-0.0915417,0.774933,0.555165
-0.0915417,0.774932,0.555165
-0.0915417,0.774932,0.555165
-0.0915417,0.774932,0.555165
-0.0919533,0.776023,0.555438
-0.0919533,0.776023,0.555438
-0.0919533,0.776023,0.555438
-0.0919534,0.776023,0.555438
-0.0919534,0.776023,0.555438
-0.0919534,0.776023,0.555438
-0.0923442,0.777059,0.555697
-0.0923442,0.777059,0.555697
-0.0923442,0.777059,0.555697
-0.0923443,0.777059,0.555697
-0.0923443,0.777059,0.555697
-0.0927156,0.778043,0.555944
-0.0927156,0.778043,0.555944
-0.0927156,0.778043,0.555944
-0.0927156,0.778043,0.555944
-0.0927156,0.778043,0.555944
-0.0927156,0.778043,0.555944
-0.0930683,0.778978,0.556178
-0.0930683,0.778978,0.556178
-0.0930683,0.778978,0.556178
-0.0930683,0.778978,0.556178
-0.0930683,0.778978,0.556178
-0.0930683,0.778978,0.556178
-0.0934034,0.779866,0.5564
-0.0934034,0.779866,0.5564
-0.0934032,0.779866,0.556401
-0.0934032,0.779866,0.556401
-0.0934032,0.779866,0.556401
-0.0937216,0.78071,0.556612
-0.0937216,0.78071,0.556612
-0.0937216,0.78071,0.556612
-0.0937215,0.78071,0.556612
-0.0937215,0.78071,0.556612
-0.0937215,0.78071,0.556612
-0.0940238,0.781511,0.556813
-0.0940238,0.781511,0.556813
-0.0940238,0.781511,0.556813
-0.0940238,0.781511,0.556814
-0.0940238,0.781511,0.556814
-0.0943109,0.782273,0.557004
-0.0943109,0.782273,0.557004
-0.0943109,0.782273,0.557004
-0.0943109,0.782273,0.557004
-0.094311,0.782272,0.557005
-0.094311,0.782272,0.557005
-0.0945836,0.782996,0.557186
-0.0945836,0.782996,0.557186
-0.0945836,0.782996,0.557186
-0.0945838,0.782996,0.557187
-0.0945838,0.782996,0.557187
-0.0945838,0.782996,0.557187
-0.0948427,0.783683,0.557359
-0.0948427,0.783683,0.557359
-0.0948427,0.783683,0.557359
-0.0948429,0.783683,0.557359
-0.0948429,0.783683,0.557359
-0.0948429,0.783683,0.557359
-0.0950889,0.784336,0.557523
-0.0950889,0.784336,0.557523
-0.095089,0.784336,0.557523
-0.095089,0.784336,0.557523
-0.095089,0.784336,0.557523
-0.0953227,0.784956,0.557679
-0.0953227,0.784956,0.557679
-0.0953227,0.784956,0.557679
-0.0953229,0.784956,0.557679
-0.0953229,0.784956,0.557679
-0.0955448,0.785545,0.557827
-0.0955448,0.785545,0.557827
-0.0955451,0.785545,0.557828
-0.0955451,0.785545,0.557828
-0.0955451,0.785545,0.557828
-0.0957558,0.786105,0.557968
-0.0957558,0.786105,0.557968
-0.0957558,0.786105,0.557968
-0.0957561,0.786105,0.557969
-0.0957561,0.786105,0.557969
-0.0957561,0.786105,0.557969
-0.0959563,0.786636,0.558102
-0.0959563,0.786636,0.558102
-0.0959563,0.786636,0.558102
-0.0959566,0.786636,0.558103
-0.0959566,0.786636,0.558103
-0.0959566,0.786636,0.558103
-0.0961469,0.787141,0.55823
-0.0961469,0.787141,0.55823
-0.0961471,0.787141,0.55823
-0.0961471,0.787141,0.55823
-0.0963278,0.787621,0.558351
-0.0963278,0.787621,0.558351
-0.0963282,0.787621,0.558351
-0.0963282,0.787621,0.558351
-0.0963282,0.787621,0.558351
-0.0964999,0.788077,0.558466
-0.0964999,0.788077,0.558466
-0.0964999,0.788077,0.558466
-0.0965003,0.788077,0.558467
-0.0965003,0.788077,0.558467
-0.0966633,0.78851,0.558576
-0.0966633,0.78851,0.558576
-0.0966638,0.78851,0.558576
-0.0966638,0.78851,0.558576
-0.0966638,0.78851,0.558576
-0.0968188,0.788921,0.55868
-0.0968188,0.788921,0.55868
-0.0968193,0.788921,0.558681
-0.0968193,0.788921,0.558681
-0.0969665,0.789312,0.55878
-0.0969665,0.789312,0.55878
-0.0969665,0.789312,0.55878
-0.0969669,0.789312,0.55878
-0.0969669,0.789312,0.55878
-0.0969669,0.789312,0.55878
-0.0971065,0.789684,0.558874
-0.0971065,0.789684,0.558874
-0.0971065,0.789684,0.558874
-0.0971071,0.789684,0.558874
-0.0971071,0.789684,0.558874
-0.0972398,0.790036,0.558963
-0.0972398,0.790036,0.558963
-0.0972403,0.790036,0.558964
-0.0972403,0.790036,0.558964
-0.0972403,0.790036,0.558964
-0.0973662,0.790372,0.559048
-0.0973662,0.790372,0.559048
-0.0973662,0.790372,0.559048
-0.0973666,0.790372,0.559048
-0.0973666,0.790372,0.559048
-0.0974862,0.790691,0.559129
-0.0974862,0.790691,0.559129
-0.0974864,0.79069,0.559129
-0.0974864,0.79069,0.559129
-0.0976005,0.790993,0.559206
-0.0976005,0.790993,0.559206
-0.0976006,0.790993,0.559206
-0.0976006,0.790993,0.559206
-0.0976006,0.790993,0.559206
-0.0977088,0.791281,0.559278
-0.097709,0.79128,0.559279
-0.097709,0.79128,0.559279
-0.097709,0.79128,0.559279
-0.097709,0.79128,0.559279
-0.097709,0.79128,0.559279
-0.097709,0.79128,0.559279
-0.097812,0.791553,0.559348
-0.097812,0.791553,0.559348
-0.0978121,0.791553,0.559348
-0.0978121,0.791553,0.559348
-0.097812,0.791553,0.559348
-0.097812,0.791553,0.559348
-0.0979098,0.791813,0.559414
-0.0979098,0.791813,0.559414
-0.0979099,0.791813,0.559414
-0.0980028,0.792059,0.559476
-0.0980028,0.792059,0.559476
-0.0980028,0.792059,0.559476
-0.0980027,0.792059,0.559476
-0.0980027,0.792059,0.559476
-0.0980027,0.792059,0.559476
-0.0980911,0.792293,0.559536
-0.0980911,0.792293,0.559536
-0.0980911,0.792293,0.559536
-0.098091,0.792293,0.559535
-0.098091,0.792293,0.559535
-0.0981751,0.792516,0.559592
-0.0981751,0.792516,0.559592
-0.0981751,0.792516,0.559592
-0.098175,0.792516,0.559592
-0.098175,0.792516,0.559592
-0.098175,0.792516,0.559592
-0.0982547,0.792727,0.559646
-0.0982547,0.792727,0.559646
-0.0982547,0.792727,0.559646
-0.0982547,0.792727,0.559646
-0.0982547,0.792727,0.559646
-0.0983304,0.792928,0.559697
-0.0983304,0.792928,0.559697
-0.0983304,0.792928,0.559697
-0.0983304,0.792928,0.559697
-0.0983304,0.792928,0.559697
-0.0983304,0.792928,0.559697
-0.0983304,0.792928,0.559697
-0.0984024,0.793118,0.559745
-0.0984024,0.793118,0.559745
-0.0984024,0.793118,0.559745
-0.0984024,0.793118,0.559745
-0.0984024,0.793118,0.559745
-0.0984707,0.7933,0.559791
-0.0984707,0.7933,0.559791
-0.0984707,0.7933,0.559791
-0.0984706,0.7933,0.559791
-0.0984706,0.7933,0.559791
-0.0985356,0.793472,0.559835
-0.0985356,0.793472,0.559835
-0.0985356,0.793472,0.559835
-0.0985355,0.793472,0.559835
-0.0985355,0.793472,0.559835
-0.0985355,0.793472,0.559835
-0.0985973,0.793635,0.559877
-0.0985973,0.793635,0.559877
-0.0985971,0.793635,0.559876
-0.0985971,0.793635,0.559876
-0.0985971,0.793635,0.559876
-0.0986559,0.793791,0.559916
-0.0986559,0.793791,0.559916
-0.0986559,0.793791,0.559916
-0.0986557,0.793791,0.559916
-0.0986557,0.793791,0.559916
-0.0986557,0.793791,0.559916
-0.0987115,0.793938,0.559953
-0.0987115,0.793938,0.559953
-0.0987115,0.793938,0.559953
-0.0987114,0.793938,0.559953
-0.0987114,0.793938,0.559953
-0.0987114,0.793938,0.559953
-0.0987644,0.794078,0.559989
-0.0987644,0.794078,0.559989
-0.0987642,0.794079,0.559989
-0.0987642,0.794079,0.559989
-0.0987642,0.794079,0.559989
-0.0988146,0.794212,0.560023
-0.0988146,0.794212,0.560023
-0.0988146,0.794212,0.560023
-0.0988144,0.794212,0.560023
-0.0988144,0.794212,0.560023
-0.0988144,0.794212,0.560023
-0.0988622,0.794338,0.560055
-0.0988621,0.794338,0.560055
-0.0988621,0.794338,0.560055
-0.0988621,0.794338,0.560055
-0.098862,0.794339,0.560055
-0.098862,0.794339,0.560055
-0.098862,0.794339,0.560055
-0.0989074,0.794459,0.560085
-0.0989074,0.794459,0.560085
-0.0989074,0.794459,0.560085
-0.0989073,0.794459,0.560085
-0.0989073,0.794459,0.560085
-0.0989073,0.794459,0.560085
-0.0989505,0.794573,0.560114
-0.0989505,0.794573,0.560114
-0.0989504,0.794573,0.560114
-0.0989504,0.794573,0.560114
-0.0989504,0.794573,0.560114
-0.0989914,0.794681,0.560142
-0.0989914,0.794681,0.560142
-0.0989914,0.794681,0.560142
-0.0989912,0.794681,0.560142
-0.0989912,0.794681,0.560142
-0.0989912,0.794681,0.560142
-0.0990303,0.794784,0.560168
-0.0990303,0.794784,0.560168
-0.09903,0.794785,0.560168
-0.09903,0.794785,0.560168
-0.0990301,0.794784,0.560168
-0.0990301,0.794784,0.560168
-0.0990301,0.794784,0.560168
-0.099067,0.794882,0.560193
-0.099067,0.794882,0.560193
-0.099067,0.794882,0.560193
-0.099067,0.794882,0.560193
-0.099067,0.794882,0.560193
-0.099067,0.794882,0.560193
-0.0991021,0.794975,0.560217
-0.0991021,0.794975,0.560217
-0.0991021,0.794975,0.560217
-0.099102,0.794976,0.560217
-0.099102,0.794976,0.560217
-0.0991354,0.795064,0.56024
-0.0991354,0.795064,0.56024
-0.0991354,0.795064,0.56024
-0.0991354,0.795064,0.56024
-0.0991354,0.795064,0.560239
-0.0991354,0.795064,0.560239
-0.0991671,0.795147,0.560261
-0.0991671,0.795147,0.560261
-0.0991671,0.795147,0.560261
-0.0991671,0.795148,0.56026
-0.0991671,0.795148,0.56026
-0.0991671,0.795148,0.56026
-0.099197,0.795227,0.560281
-0.099197,0.795227,0.560281
-0.0991972,0.795228,0.560281
-0.0991972,0.795228,0.560281
-0.0991972,0.795228,0.560281
-0.0992256,0.795303,0.5603
-0.0992257,0.795303,0.5603
-0.0992257,0.795303,0.5603
-0.0992257,0.795303,0.5603
-0.0992257,0.795303,0.5603
-0.0992529,0.795375,0.560318
-0.0992529,0.795375,0.560318
-0.0992529,0.795375,0.560318
-0.0992529,0.795375,0.560318
-0.0992529,0.795375,0.560318
-0.0992529,0.795375,0.560318
-0.0992786,0.795444,0.560336
-0.0992786,0.795444,0.560336
-0.0992786,0.795444,0.560336
-0.0992787,0.795443,0.560336
-0.0992787,0.795443,0.560336
-0.0992787,0.795443,0.560336
-0.0993031,0.795509,0.560352
-0.0993031,0.795509,0.560352
-0.0993032,0.795508,0.560352
-0.0993032,0.795508,0.560352
-0.0993032,0.795508,0.560352
-0.0993263,0.79557,0.560368
-0.0993263,0.79557,0.560368
-0.0993263,0.79557,0.560368
-0.0993266,0.79557,0.560368
-0.0993266,0.79557,0.560368
-0.0993266,0.79557,0.560368
-0.0993484,0.795629,0.560383
-0.0993484,0.795629,0.560383
-0.0993484,0.795629,0.560383
-0.0993487,0.795629,0.560383
-0.0993487,0.795629,0.560383
-0.0993487,0.795629,0.560383
-0.0993694,0.795685,0.560397
-0.0993694,0.795685,0.560397
-0.0993697,0.795684,0.560397
-0.0993697,0.795684,0.560397
-0.0993893,0.795738,0.56041
-0.0993893,0.795738,0.56041
-0.0993894,0.795737,0.56041
-0.0993894,0.795737,0.56041
-0.0993894,0.795737,0.56041
-0.0994083,0.795788,0.560423
-0.0994083,0.795788,0.560423
-0.0994083,0.795788,0.560423
-0.0994084,0.795788,0.560423
-0.0994084,0.795788,0.560423
-0.0994264,0.795835,0.560435
-0.0994264,0.795835,0.560435
-0.0994264,0.795836,0.560435
-0.0994264,0.795836,0.560435
-0.0994264,0.795836,0.560435
-0.0994264,0.795836,0.560435
-0.0994434,0.795881,0.560447
-0.0994434,0.795881,0.560447
-0.0994434,0.795881,0.560447
-0.0994434,0.795881,0.560447
-0.0994435,0.795881,0.560447
-0.0994435,0.795881,0.560447
-0.0994435,0.795881,0.560447
-0.0994598,0.795924,0.560458
-0.0994598,0.795924,0.560458
-0.0994597,0.795924,0.560458
-0.0994597,0.795924,0.560458
-0.0994752,0.795965,0.560468
-0.0994752,0.795965,0.560468
-0.0994752,0.795965,0.560468
-0.0994752,0.795965,0.560468
-0.0994752,0.795965,0.560468
-0.0994899,0.796004,0.560478
-0.0994899,0.796004,0.560478
-0.0994899,0.796004,0.560478
-0.0994898,0.796004,0.560478
-0.0994898,0.796004,0.560478
-0.0995037,0.796041,0.560488
-0.0995038,0.796041,0.560488
-0.0995038,0.796041,0.560488
-0.0995038,0.796041,0.560488
-0.0995038,0.796041,0.560488
-0.0995038,0.796041,0.560487
-0.0995169,0.796076,0.560496
-0.099517,0.796076,0.560496
-0.099517,0.796076,0.560496
-0.099517,0.796076,0.560496
-0.099517,0.796076,0.560496
-0.099517,0.796076,0.560496
-0.099517,0.796076,0.560496
-0.0995295,0.796109,0.560505
-0.0995295,0.796109,0.560505
-0.0995297,0.796109,0.560505
-0.0995297,0.796109,0.560505
-0.0995297,0.796109,0.560505
-0.0995414,0.796141,0.560513
-0.0995414,0.796141,0.560513
-0.0995414,0.796141,0.560513
-0.0995416,0.79614,0.560513
-0.0995416,0.79614,0.560513
-0.0995416,0.79614,0.560513
-0.0995528,0.796171,0.56052
-0.0995528,0.796171,0.56052
-0.0995531,0.79617,0.560521
-0.0995531,0.79617,0.560521
-0.099553,0.79617,0.560521
-0.099553,0.79617,0.560521
-0.099553,0.79617,0.560521
-0.0995638,0.796199,0.560528
-0.0995638,0.796199,0.560528
-0.0995638,0.796199,0.560528
-0.0995638,0.796199,0.560528
-0.0995638,0.796199,0.560528
-0.0995638,0.796199,0.560528
-0.099574,0.796226,0.560535
-0.099574,0.796226,0.560535
-0.099574,0.796226,0.560535
-0.099574,0.796226,0.560535
-0.099574,0.796226,0.560535
-0.0995837,0.796252,0.560541
-0.0995837,0.796252,0.560541
-0.0995837,0.796252,0.560541
-0.0995838,0.796252,0.560542
-0.0995838,0.796252,0.560542
-0.0995838,0.796252,0.560542
-0.0995929,0.796277,0.560548
-0.0995929,0.796277,0.560548
-0.0995929,0.796277,0.560548
-0.0995931,0.796276,0.560548
-0.0995931,0.796276,0.560548
-0.0996017,0.7963,0.560554
-0.0996017,0.7963,0.560554
-0.0996018,0.7963,0.560554
-0.0996018,0.7963,0.560554
-0.0996018,0.7963,0.560554
-0.09961,0.796322,0.560559
-0.09961,0.796322,0.560559
-0.0996101,0.796322,0.560559
-0.0996101,0.796322,0.560559
-0.099618,0.796343,0.560564
-0.099618,0.796343,0.560564
-0.099618,0.796343,0.560565
-0.099618,0.796343,0.560565
-0.099618,0.796343,0.560565
-0.0996255,0.796363,0.56057
-0.0996255,0.796363,0.56057
-0.0996255,0.796363,0.56057
-0.0996255,0.796363,0.56057
-0.0996327,0.796382,0.560574
-0.0996327,0.796382,0.560574
-0.0996327,0.796382,0.560574
-0.0996327,0.796382,0.560575
-0.0996327,0.796382,0.560575
-0.0996395,0.7964,0.560579
-0.0996395,0.7964,0.560579
-0.0996395,0.7964,0.560579
-0.0996395,0.7964,0.560579
-0.0996395,0.7964,0.560579
